Candidate_ID,Manuscript_Ref_No,Corpus_Status,Screening_Status,Inclusion_Decision,Exclusion_Code,Year,Authors,Title,Source_Title,Volume,Issue,Pages,DOI,URL,Database_Source,Document_Type,Language,AI_Method,PCF_Domain,Taxonomy_Branch,Target_Property,Dataset_Size,Simulation_Tool,Performance_R2,RMSE,MAE,Inference_Time_ms,FEM_Baseline_min,Fabrication_Validation,Open_Data,QS_Data,QS_Bench,QS_Hyper,QS_Repro,QS_Valid,QS_Total,Verification_Status,Notes
C0001,1,Background / method / foundational,Not primary corpus,Background only,,1996,"Knight, J. C., Birks, T. A., Russell, P. S. J., & Atkin, D. M.",All-silica single-mode optical fiber with photonic crystal cladding,Optics Letters,21,19,1547-1549,,,Manuscript reference list seed,Article/Proceedings/Book - verify,English - verify,Not explicit in title - full-text extraction needed,General PCF modeling / design,Background / non-AI / requires coding,Not explicit in title,,,,,,,,,,,,,,,,Manuscript seed only - DOI/publisher verification required,
C0002,2,Background / method / foundational,Not primary corpus,Background only,,2003,"Russell, P. S. J.",Photonic crystal fibers,Science,299,5605,358-362,,,Manuscript reference list seed,Article/Proceedings/Book - verify,English - verify,Not explicit in title - full-text extraction needed,General PCF modeling / design,Background / non-AI / requires coding,Not explicit in title,,,,,,,,,,,,,,,,Manuscript seed only - DOI/publisher verification required,
C0003,3,Background / method / foundational,Not primary corpus,Background only,,2003,"Knight, J. C.",Photonic crystal fibres,Nature,424,6950,847-851,,,Manuscript reference list seed,Article/Proceedings/Book - verify,English - verify,Not explicit in title - full-text extraction needed,General PCF modeling / design,Background / non-AI / requires coding,Not explicit in title,,,,,,,,,,,,,,,,Manuscript seed only - DOI/publisher verification required,
C0004,4,Background / method / foundational,Not primary corpus,Background only,,1997,"Birks, T. A., Knight, J. C., & Russell, P. S. J.",Endlessly single-mode photonic crystal fiber,Optics Letters,22,13,961-963,,,Manuscript reference list seed,Article/Proceedings/Book - verify,English - verify,Not explicit in title - full-text extraction needed,General PCF modeling / design,Background / non-AI / requires coding,Not explicit in title,,,,,,,,,,,,,,,,Manuscript seed only - DOI/publisher verification required,
C0005,5,Background / method / foundational,Not primary corpus,Background only,,1999,"Cregan, R. F., et al.",Single-mode photonic band gap guidance of light in air,Science,285,5433,1537-1539,,,Manuscript reference list seed,Article/Proceedings/Book - verify,English - verify,Not explicit in title - full-text extraction needed,General PCF modeling / design,Background / non-AI / requires coding,Not explicit in title,,,,,,,,,,,,,,,,Manuscript seed only - DOI/publisher verification required,
C0006,6,Background / method / foundational,Not primary corpus,Background only,,2011,"Joannopoulos, J. D., Johnson, S. G., Winn, J. N., & Meade, R. D.",Photonic Crystals: Molding the Flow of Light (2nd ed.),Princeton University Press.,,,,,,Manuscript reference list seed,Article/Proceedings/Book - verify,English - verify,Not explicit in title - full-text extraction needed,General PCF modeling / design,Background / non-AI / requires coding,Not explicit in title,,,,,,,,,,,,,,,,Manuscript seed only - DOI/publisher verification required,
C0007,7,Background / method / foundational,Not primary corpus,Background only,,2013,"Agrawal, G. P.",Nonlinear Fiber Optics (5th ed.),Academic Press.,,,,,,Manuscript reference list seed,Article/Proceedings/Book - verify,English - verify,Not explicit in title - full-text extraction needed,General PCF modeling / design,Background / non-AI / requires coding,nonlinear coefficient / supercontinuum,,,,,,,,,,,,,,,,Manuscript seed only - DOI/publisher verification required,
C0008,8,Background / method / foundational,Not primary corpus,Background only,,1999,"Monro, T. M., et al.",Holey optical fibers: An efficient modal model,Journal of Lightwave Technology,17,6,1093-1102,,,Manuscript reference list seed,Article/Proceedings/Book - verify,English - verify,Not explicit in title - full-text extraction needed,General PCF modeling / design,Background / non-AI / requires coding,Not explicit in title,,,,,,,,,,,,,,,,Manuscript seed only - DOI/publisher verification required,
C0009,9,Background / method / foundational,Not primary corpus,Background only,,2002,"Zhu, Z., & Brown, T. G.",Full-vectorial finite-difference analysis of microstructured optical fibers,Optics Express,10,17,853-864,,,Manuscript reference list seed,Article/Proceedings/Book - verify,English - verify,Not explicit in title - full-text extraction needed,General PCF modeling / design,Background / non-AI / requires coding,Not explicit in title,,,,,,,,,,,,,,,,Manuscript seed only - DOI/publisher verification required,
C0010,10,Background / method / foundational,Not primary corpus,Background only,,2002,"Cucinotta, A., Selleri, S., Vincetti, L., & Zoboli, M.",Perturbation analysis of dispersion properties in photonic crystal fibers through the finite element method,Journal of Lightwave Technology,20,8,1433-1442,,,Manuscript reference list seed,Article/Proceedings/Book - verify,English - verify,Not explicit in title - full-text extraction needed,Optical communications / nonlinear optics,Background / non-AI / requires coding,chromatic/group velocity dispersion,,,,,,,,,,,,,,,,Manuscript seed only - DOI/publisher verification required,
C0011,11,Background / method / foundational,Not primary corpus,Background only,,2021,"Page, M. J., et al.",The PRISMA 2020 statement: An updated guideline for reporting systematic reviews,BMJ,372,,n71,10.1136/bmj.n71,https://www.bmj.com/content/372/bmj.n71,Manuscript reference list seed,Article/Proceedings/Book - verify,English - verify,Not explicit in title - full-text extraction needed,General PCF modeling / design,Background / non-AI / requires coding,Not explicit in title,,,,,,,,,,,,,,,,Web verified: PRISMA/BMJ,
C0012,12,Background / method / foundational,Not primary corpus,Background only,,2009,"Moher, D., Liberati, A., Tetzlaff, J., Altman, D. G., & PRISMA Group.",Preferred reporting items for systematic reviews and meta-analyses: The PRISMA statement,PLOS Medicine,6,7,e1000097,,,Manuscript reference list seed,Article/Proceedings/Book - verify,English - verify,Not explicit in title - full-text extraction needed,General PCF modeling / design,Background / non-AI / requires coding,Not explicit in title,,,,,,,,,,,,,,,,Manuscript seed only - DOI/publisher verification required,
C0013,13,Background / method / foundational,Not primary corpus,Background only,,2011,"Higgins, J. P. T., & Green, S. (Eds.).",Cochrane Handbook for Systematic Reviews of Interventions (Version 5.1.0),The Cochrane Collaboration.,,,,,,Manuscript reference list seed,Article/Proceedings/Book - verify,English - verify,Not explicit in title - full-text extraction needed,General PCF modeling / design,Background / non-AI / requires coding,Not explicit in title,,,,,,,,,,,,,,,,Manuscript seed only - DOI/publisher verification required,
C0014,14,Background / method / foundational,Not primary corpus,Background only,,2004,"Kitchenham, B.",Procedures for performing systematic reviews,Keele University Technical Report TR/SE-0401.,,,,,,Manuscript reference list seed,Article/Proceedings/Book - verify,English - verify,Not explicit in title - full-text extraction needed,General PCF modeling / design,Background / non-AI / requires coding,Not explicit in title,,,,,,,,,,,,,,,,Manuscript seed only - DOI/publisher verification required,
C0015,15,Background / method / foundational,Not primary corpus,Background only,,2015,"LeCun, Y., Bengio, Y., & Hinton, G.",Deep learning,Nature,521,7553,436-444,,,Manuscript reference list seed,Article/Proceedings/Book - verify,English - verify,DNN / deep neural network,General PCF modeling / design,Deep learning,Not explicit in title,,,,,,,,,,,,,,,,Manuscript seed only - DOI/publisher verification required,
C0016,16,Background / method / foundational,Not primary corpus,Background only,,2016,"Goodfellow, I., Bengio, Y., & Courville, A.",Deep Learning,MIT Press.,,,,,,Manuscript reference list seed,Article/Proceedings/Book - verify,English - verify,DNN / deep neural network,General PCF modeling / design,Deep learning,Not explicit in title,,,,,,,,,,,,,,,,Manuscript seed only - DOI/publisher verification required,
C0017,17,Background / method / foundational,Not primary corpus,Background only,,2014,"Goodfellow, I., et al.",Generative adversarial nets,Advances in Neural Information Processing Systems,27,,2672-2680,,,Manuscript reference list seed,Article/Proceedings/Book - verify,English - verify,GAN / cGAN,General PCF modeling / design,Inverse / generative design,Not explicit in title,,,,,,,,,,,,,,,,Manuscript seed only - DOI/publisher verification required,
C0018,18,Background / method / foundational,Not primary corpus,Background only,,2013,"Kingma, D. P., & Welling, M.",Auto-encoding variational Bayes,arXiv preprint arXiv:1312.6114.,,,,,,Manuscript reference list seed,Article/Proceedings/Book - verify,English - verify,VAE / beta-VAE / CVAE,General PCF modeling / design,Inverse / generative design,Not explicit in title,,,,,,,,,,,,,,,,Manuscript seed only - DOI/publisher verification required,
C0019,19,Background / method / foundational,Not primary corpus,Background only,,2020,"Ho, J., Jain, A., & Abbeel, P.",Denoising diffusion probabilistic models,Advances in Neural Information Processing Systems,33,,6840-6851,,,Manuscript reference list seed,Article/Proceedings/Book - verify,English - verify,DDPM / diffusion / score-based,General PCF modeling / design,Inverse / generative design,Not explicit in title,,,,,,,,,,,,,,,,Manuscript seed only - DOI/publisher verification required,
C0020,20,Background / method / foundational,Not primary corpus,Background only,,2017,"Vaswani, A., et al.",Attention is all you need,Advances in Neural Information Processing Systems,30,,5998-6008,,,Manuscript reference list seed,Article/Proceedings/Book - verify,English - verify,Transformer / attention / ViT,General PCF modeling / design,Deep learning,Not explicit in title,,,,,,,,,,,,,,,,Manuscript seed only - DOI/publisher verification required,
C0021,21,Background / method / foundational,Not primary corpus,Background only,,2016,"He, K., Zhang, X., Ren, S., & Sun, J.",Deep residual learning for image recognition,Proceedings of the IEEE CVPR,,,770-778,,,Manuscript reference list seed,Article/Proceedings/Book - verify,English - verify,Not explicit in title - full-text extraction needed,General PCF modeling / design,Background / non-AI / requires coding,Not explicit in title,,,,,,,,,,,,,,,,Manuscript seed only - DOI/publisher verification required,
C0022,22,Background / method / foundational,Not primary corpus,Background only,,1997,"Hochreiter, S., & Schmidhuber, J.",Long short-term memory,Neural Computation,9,8,1735-1780,,,Manuscript reference list seed,Article/Proceedings/Book - verify,English - verify,Not explicit in title - full-text extraction needed,General PCF modeling / design,Background / non-AI / requires coding,Not explicit in title,,,,,,,,,,,,,,,,Manuscript seed only - DOI/publisher verification required,
C0023,23,Background / method / foundational,Not primary corpus,Background only,,2001,"Breiman, L.",Random forests,Machine Learning,45,1,5-32,,,Manuscript reference list seed,Article/Proceedings/Book - verify,English - verify,Random forest,General PCF modeling / design,Classical ML,Not explicit in title,,,,,,,,,,,,,,,,Manuscript seed only - DOI/publisher verification required,
C0024,24,Background / method / foundational,Not primary corpus,Background only,,2016,"Chen, T., & Guestrin, C.",XGBoost: A scalable tree boosting system,Proceedings of the 22nd ACM SIGKDD,,,785-794,,,Manuscript reference list seed,Article/Proceedings/Book - verify,English - verify,XGBoost / gradient boosting / LightGBM,General PCF modeling / design,Classical ML,Not explicit in title,,,,,,,,,,,,,,,,Manuscript seed only - DOI/publisher verification required,
C0025,25,Background / method / foundational,Not primary corpus,Background only,,1995,"Cortes, C., & Vapnik, V.",Support-vector networks,Machine Learning,20,3,273-297,,,Manuscript reference list seed,Article/Proceedings/Book - verify,English - verify,Not explicit in title - full-text extraction needed,General PCF modeling / design,Inverse / generative design,Not explicit in title,,,,,,,,,,,,,,,,Manuscript seed only - DOI/publisher verification required,
C0026,26,Background / method / foundational,Not primary corpus,Background only,,2006,"Rasmussen, C. E., & Williams, C. K. I.",Gaussian Processes for Machine Learning,MIT Press.,,,,,,Manuscript reference list seed,Article/Proceedings/Book - verify,English - verify,GPR / Gaussian process / Kriging; Machine learning general,General PCF modeling / design,Classical ML,Not explicit in title,,,,,,,,,,,,,,,,Manuscript seed only - DOI/publisher verification required,
C0027,27,Background / method / foundational,Not primary corpus,Background only,,2019,"Raissi, M., Perdikaris, P., & Karniadakis, G. E.",Physics-informed neural networks: A deep learning framework for solving forward and inverse problems involving PDEs,Journal of Computational Physics,378,,686-707,,,Manuscript reference list seed,Article/Proceedings/Book - verify,English - verify,PINN / physics-informed; DNN / deep neural network; ANN / MLP / BPNN,General PCF modeling / design,Deep learning,Not explicit in title,,,,,,,,,,,,,,,,Manuscript seed only - DOI/publisher verification required,
C0028,28,Background / method / foundational,Not primary corpus,Background only,,2012,"Snoek, J., Larochelle, H., & Adams, R. P.",Practical Bayesian optimization of machine learning algorithms,Advances in Neural Information Processing Systems,25,,2951-2959,,,Manuscript reference list seed,Article/Proceedings/Book - verify,English - verify,Bayesian optimization / active learning; Machine learning general,General PCF modeling / design,Hybrid AI-metaheuristic / optimizer,Not explicit in title,,,,,,,,,,,,,,,,Manuscript seed only - DOI/publisher verification required,
C0029,29,Background / method / foundational,Not primary corpus,Background only,,2017,"Lundberg, S. M., & Lee, S. I.",A unified approach to interpreting model predictions,Advances in Neural Information Processing Systems,30,,4765-4774,,,Manuscript reference list seed,Article/Proceedings/Book - verify,English - verify,Not explicit in title - full-text extraction needed,General PCF modeling / design,Background / non-AI / requires coding,Not explicit in title,,,,,,,,,,,,,,,,Manuscript seed only - DOI/publisher verification required,
C0030,30,Background / method / foundational,Not primary corpus,Background only,,2021,"Dosovitskiy, A., et al.",An image is worth 16x16 words: Transformers for image recognition at scale,ICLR 2021.,,,,,,Manuscript reference list seed,Article/Proceedings/Book - verify,English - verify,Transformer / attention / ViT,General PCF modeling / design,Deep learning,Not explicit in title,,,,,,,,,,,,,,,,Manuscript seed only - DOI/publisher verification required,
C0031,31,Background / method / foundational,Not primary corpus,Background only,,2002,"Deb, K., et al.",A fast and elitist multiobjective genetic algorithm: NSGA-II,IEEE Transactions on Evolutionary Computation,6,2,182-197,,,Manuscript reference list seed,Article/Proceedings/Book - verify,English - verify,Genetic algorithm / GA / NSGA,General PCF modeling / design,Hybrid AI-metaheuristic / optimizer,Not explicit in title,,,,,,,,,,,,,,,,Manuscript seed only - DOI/publisher verification required,
C0032,32,Background / method / foundational,Not primary corpus,Background only,,1995,"Kennedy, J., & Eberhart, R.",Particle swarm optimization,Proceedings of the IEEE International Conference on Neural Networks,4,,1942-1948,,,Manuscript reference list seed,Article/Proceedings/Book - verify,English - verify,Particle swarm / PSO,General PCF modeling / design,Background / non-AI / requires coding,Not explicit in title,,,,,,,,,,,,,,,,Manuscript seed only - DOI/publisher verification required,
C0033,33,Background / method / foundational,Not primary corpus,Background only,,2016,"Hansen, N.",The CMA evolution strategy: A tutorial,arXiv preprint arXiv:1604.00772.,,,,,,Manuscript reference list seed,Article/Proceedings/Book - verify,English - verify,Not explicit in title - full-text extraction needed,General PCF modeling / design,Background / non-AI / requires coding,Not explicit in title,,,,,,,,,,,,,,,,Manuscript seed only - DOI/publisher verification required,
C0034,34,Background / method / foundational,Not primary corpus,Background only,,1997,"Storn, R., & Price, K.",Differential evolution - A simple and efficient heuristic for global optimization over continuous spaces,Journal of Global Optimization,11,4,341-359,,,Manuscript reference list seed,Article/Proceedings/Book - verify,English - verify,Not explicit in title - full-text extraction needed,General PCF modeling / design,Background / non-AI / requires coding,Not explicit in title,,,,,,,,,,,,,,,,Manuscript seed only - DOI/publisher verification required,
C0035,35,Background / method / foundational,Not primary corpus,Background only,,2018,"Molesky, S., et al.",Inverse design in nanophotonics,Nature Photonics,12,11,659-670,,,Manuscript reference list seed,Article/Proceedings/Book - verify,English - verify,Not explicit in title - full-text extraction needed,General PCF modeling / design,Inverse / generative design,geometry / topology / structural validity,,,,,,,,,,,,,,,,Manuscript seed only - DOI/publisher verification required,
C0036,36,Background / method / foundational,Not primary corpus,Background only,,2018,"Peurifoy, J., et al.",Nanophotonic particle simulation and inverse design using artificial neural networks,Science Advances,4,6,eaar4206,,,Manuscript reference list seed,Article/Proceedings/Book - verify,English - verify,ANN / MLP / BPNN,General PCF modeling / design,Inverse / generative design,geometry / topology / structural validity,,,,,,,,,,,,,,,,Manuscript seed only - DOI/publisher verification required,
C0037,37,Background / method / foundational,Not primary corpus,Background only,,2018,"Liu, D., et al.",Training deep neural networks for the inverse design of nanophotonic structures,ACS Photonics,5,4,1365-1369,,,Manuscript reference list seed,Article/Proceedings/Book - verify,English - verify,DNN / deep neural network; ANN / MLP / BPNN,General PCF modeling / design,Inverse / generative design,geometry / topology / structural validity,,,,,,,,,,,,,,,,Manuscript seed only - DOI/publisher verification required,
C0038,38,Background / method / foundational,Not primary corpus,Background only,,2021,"Jiang, J., Chen, M., & Fan, J. A.",Deep neural networks for the evaluation and design of photonic devices,Nature Reviews Materials,6,8,679-700,,,Manuscript reference list seed,Article/Proceedings/Book - verify,English - verify,DNN / deep neural network; ANN / MLP / BPNN,General PCF modeling / design,Deep learning,Not explicit in title,,,,,,,,,,,,,,,,Manuscript seed only - DOI/publisher verification required,
C0039,39,Background / method / foundational,Not primary corpus,Background only,,2021,"Wiecha, P. R., et al.",Deep learning in nano-photonics: Overcoming the computational-cost barrier,Photonics Research,9,5,B182-B202,,,Manuscript reference list seed,Article/Proceedings/Book - verify,English - verify,DNN / deep neural network,General PCF modeling / design,Deep learning,Not explicit in title,,,,,,,,,,,,,,,,Manuscript seed only - DOI/publisher verification required,
C0040,40,Background / method / foundational,Not primary corpus,Background only,,2020,"So, S., Mun, J., Park, J., & Rho, J.",Revisiting the design of functional metasurfaces using deep learning,APL Photonics,5,9,091302,,,Manuscript reference list seed,Article/Proceedings/Book - verify,English - verify,DNN / deep neural network,General PCF modeling / design,Deep learning,Not explicit in title,,,,,,,,,,,,,,,,Manuscript seed only - DOI/publisher verification required,
C0041,41,Background / method / foundational,Not primary corpus,Background only,,2021,"Genty, G., et al.",Machine learning and applications in ultrafast photonics,Nature Photonics,15,2,91-101,,,Manuscript reference list seed,Article/Proceedings/Book - verify,English - verify,Machine learning general,General PCF modeling / design,Classical ML,Not explicit in title,,,,,,,,,,,,,,,,Manuscript seed only - DOI/publisher verification required,
C0042,42,Background / method / foundational,Not primary corpus,Background only,,2020,"Brunton, S. L., Noack, B. R., & Koumoutsakos, P.",Machine learning for fluid mechanics,Annual Review of Fluid Mechanics,52,,477-508,,,Manuscript reference list seed,Article/Proceedings/Book - verify,English - verify,Machine learning general,General PCF modeling / design,Classical ML,Not explicit in title,,,,,,,,,,,,,,,,Manuscript seed only - DOI/publisher verification required,
C0043,43,Primary study claimed by manuscript,Included in manuscript,Include - primary claimed,,2019,"Chugh, S., Gulistan, A., Ghosh, S., & Rahman, B. M. A.",Machine learning approach for computing optical properties of a photonic crystal fiber,Optics Express,27,25,36414-36425,10.1364/OE.27.036414,https://opg.optica.org/abstract.cfm?uri=oe-27-25-36414,Manuscript reference list seed,Article/Proceedings/Book - verify,English - verify,Machine learning general,General PCF modeling / design,Classical ML,Not explicit in title,,,,,,,,,,,,,,,,Web verified: Optica/City repository,
C0044,44,Primary study claimed by manuscript,Included in manuscript,Include - primary claimed,,2020,"Hasan, M. R., Islam, M. A., & Anower, M. S.",Highly sensitive biosensor using a photonic crystal fiber with ANN-aided optimization,Optical Fiber Technology,58,,102281,,,Manuscript reference list seed,Article/Proceedings/Book - verify,English - verify,ANN / MLP / BPNN,PCF-SPR / biosensing,Classical ML,sensitivity / FOM / RIU,,,,,,,,,,,,,,,,Manuscript seed only - DOI/publisher verification required,
C0045,45,Primary study claimed by manuscript - AUDIT: Potential EC1: review/survey,Included in manuscript,Needs eligibility re-check before final inclusion,,2021,"Rana, S., & Raizada, V.",Machine learning-assisted design of PCF for THz applications: A survey,Optik,242,,167095,,,Manuscript reference list seed,Article/Proceedings/Book - verify,English - verify,Machine learning general,THz PCF waveguides,Classical ML,Not explicit in title,,,,,,,,,,,,,,,,Manuscript seed only - DOI/publisher verification required,
C0046,46,Primary study claimed by manuscript,Included in manuscript,Include - primary claimed,,2021,"Wang, G., Tan, Y., & Yu, Z.",Deep neural networks for image-based forward modeling of microstructured optical fibers,Optics Express,29,14,21345-21358,,,Manuscript reference list seed,Article/Proceedings/Book - verify,English - verify,DNN / deep neural network; ANN / MLP / BPNN,General PCF modeling / design,Deep learning,Not explicit in title,,,,,,,,,,,,,,,,Manuscript seed only - DOI/publisher verification required,
C0047,47,Primary study claimed by manuscript,Included in manuscript,Include - primary claimed,,2022,"Islam, M. S., & Ahmed, K.",Exploring machine learning for prediction of optical properties in liquid-infiltrated PCF biosensors,Results in Physics,38,,105572,,,Manuscript reference list seed,Article/Proceedings/Book - verify,English - verify,Machine learning general,PCF-SPR / biosensing,Classical ML,sensitivity / FOM / RIU,,,,,,,,,,,,,,,,Manuscript seed only - DOI/publisher verification required,
C0048,48,Primary study claimed by manuscript,Included in manuscript,Include - primary claimed,,2023,"Ahmed, K., & Hossain, M. B.",Deep learning surrogate model for photonic crystal fiber dispersion engineering,Optics & Laser Technology,162,,109286,,,Manuscript reference list seed,Article/Proceedings/Book - verify,English - verify,DNN / deep neural network; Machine learning general,Optical communications / nonlinear optics,Deep learning,chromatic/group velocity dispersion,,,,,,,,,,,,,,,,Manuscript seed only - DOI/publisher verification required,
C0049,49,Primary study claimed by manuscript,Included in manuscript,Include - primary claimed,,2023,"Hossain, M. B., Ahmed, K., & Paul, B. K.",XGBoost-assisted rapid optimization of PCF-based chemical sensors,Sensors and Actuators A: Physical,357,,114392,,,Manuscript reference list seed,Article/Proceedings/Book - verify,English - verify,XGBoost / gradient boosting / LightGBM,Chemical / gas / liquid sensing,Classical ML,sensitivity / FOM / RIU,,,,,,,,,,,,,,,,Manuscript seed only - DOI/publisher verification required,
C0050,50,Primary study claimed by manuscript,Included in manuscript,Include - primary claimed,,2023,"Yao, T., & Zhang, L.",Inverse design of dispersion for photonic devices using LSTM-gradient-free hybrid optimization,Journal of the Optical Society of America B,40,5,1124-1135,,,Manuscript reference list seed,Article/Proceedings/Book - verify,English - verify,LSTM / recurrent,Optical communications / nonlinear optics,Inverse / generative design,chromatic/group velocity dispersion; geometry / topology / structural validity,,,,,,,,,,,,,,,,Manuscript seed only - DOI/publisher verification required,
C0051,51,Primary study claimed by manuscript,Included in manuscript,Include - primary claimed,,2024,"Zhang, L., Chen, Y., & Wang, X.",Variational autoencoder for inverse design of THz-PCF structures,Journal of Lightwave Technology,42,3,1234-1244,,,Manuscript reference list seed,Article/Proceedings/Book - verify,English - verify,VAE / beta-VAE / CVAE,THz PCF waveguides,Inverse / generative design,geometry / topology / structural validity,,,,,,,,,,,,,,,,Manuscript seed only - DOI/publisher verification required,
C0052,52,Primary study claimed by manuscript,Included in manuscript,Include - primary claimed,,2024,"Chen, Y., Zhang, L., & Liu, H.",Physics-informed neural networks for photonic crystal fiber mode analysis,Optics Express,32,5,7812-7825,,,Manuscript reference list seed,Article/Proceedings/Book - verify,English - verify,PINN / physics-informed; ANN / MLP / BPNN,General PCF modeling / design,Deep learning,Not explicit in title,,,,,,,,,,,,,,,,Manuscript seed only - DOI/publisher verification required,
C0053,53,Primary study claimed by manuscript,Included in manuscript,Include - primary claimed,,2024,"Wang, X., & Park, J. S.",Transformer-based model for broadband PCF property prediction,Photonics Research,12,4,823-836,,,Manuscript reference list seed,Article/Proceedings/Book - verify,English - verify,Transformer / attention / ViT,General PCF modeling / design,Deep learning,Not explicit in title,,,,,,,,,,,,,,,,Manuscript seed only - DOI/publisher verification required,
C0054,54,Primary study claimed by manuscript,Included in manuscript,Include - primary claimed,,2025,"Park, J. S., Kim, H., & Lee, S.",Denoising diffusion probabilistic models for photonic crystal fiber inverse design,Nature Computational Science,5,2,112-124,,,Manuscript reference list seed,Article/Proceedings/Book - verify,English - verify,DDPM / diffusion / score-based,General PCF modeling / design,Inverse / generative design,geometry / topology / structural validity,,,,,,,,,,,,,,,,Manuscript seed only - DOI/publisher verification required,
C0055,55,Primary study claimed by manuscript,Included in manuscript,Include - primary claimed,,2025,"Rahman, B. M. A., & Ghosh, S.",Benchmarking ML algorithms for optical property prediction in asymmetric dual-core PCFs,Optical Fiber Technology,91,,103451,,,Manuscript reference list seed,Article/Proceedings/Book - verify,English - verify,Machine learning general,General PCF modeling / design,Classical ML,Not explicit in title,,,,,,,,,,,,,,,,Manuscript seed only - DOI/publisher verification required,
C0056,56,Primary study claimed by manuscript,Included in manuscript,Include - primary claimed,,2026,"Singh, R., & Kumar, A.",Multi-head attention DL frameworks for extreme nonlinearity tracking in chalcogenide fibers,IEEE Journal of Selected Topics in Quantum Electronics,32,1,4501211,,,Manuscript reference list seed,Article/Proceedings/Book - verify,English - verify,Transformer / attention / ViT,General PCF modeling / design,Deep learning,nonlinear coefficient / supercontinuum,,,,,,,,,,,,,,,,Manuscript seed only - DOI/publisher verification required,Published online: January 2026
C0057,57,Primary study claimed by manuscript,Included in manuscript,Include - primary claimed,,2024,"Ehyaee, A., Rahmati, A., Bosaghzadeh, A., & Olyaee, S.",ML-enhanced surface plasmon resonance based PCF sensor,Optics Express,32,8,13369-13384,,,Manuscript reference list seed,Article/Proceedings/Book - verify,English - verify,Machine learning general,General PCF modeling / design,Classical ML,sensitivity / FOM / RIU,,,,,,,,,,,,,,,,Manuscript seed only - DOI/publisher verification required,
C0058,58,Primary study claimed by manuscript,Included in manuscript,Include - primary claimed,,2024,"Khatun, M.",Design optimization of high-sensitivity PCF-SPR biosensor using ML and explainable AI,PLOS One,19,6,e0302145,,,Manuscript reference list seed,Article/Proceedings/Book - verify,English - verify,Transformer / attention / ViT; XAI / SHAP; Machine learning general,PCF-SPR / biosensing,Deep learning,sensitivity / FOM / RIU,,,,,,,,,,,,,,,,Manuscript seed only - DOI/publisher verification required,
C0059,59,Primary study claimed by manuscript - AUDIT: Potential scope issue: may not be PCF primary,Included in manuscript,Needs eligibility re-check before final inclusion,,2024,"Ouyang, T.",Inverse design and band gap prediction of photonic crystal microcavities based on deep learning,Proceedings of SPIE,13105,,131050G,,,Manuscript reference list seed,Article/Proceedings/Book - verify,English - verify,Transformer / attention / ViT; DNN / deep neural network,General PCF modeling / design,Inverse / generative design,geometry / topology / structural validity,,,,,,,,,,,,,,,,Manuscript seed only - DOI/publisher verification required,
C0060,60,Primary study claimed by manuscript,Included in manuscript,Include - primary claimed,,2025,"Wang, G.",Towards scalable and accurate property prediction for PCFs with federated learning,Optics Express,33,2,2415-2430,,,Manuscript reference list seed,Article/Proceedings/Book - verify,English - verify,Foundation / self-supervised / federated,General PCF modeling / design,Deep learning,Not explicit in title,,,,,,,,,,,,,,,,Manuscript seed only - DOI/publisher verification required,
C0061,61,Primary study claimed by manuscript,Included in manuscript,Include - primary claimed,,2010,"Li, K., & Rahman, B. M. A.",Design optimization of index-guiding PCFs using backpropagation networks,Journal of Lightwave Technology,28,4,512-518,,,Manuscript reference list seed,Article/Proceedings/Book - verify,English - verify,ANN / MLP / BPNN,General PCF modeling / design,Classical ML,Not explicit in title,,,,,,,,,,,,,,,,Manuscript seed only - DOI/publisher verification required,
C0062,62,Primary study claimed by manuscript,Included in manuscript,Include - primary claimed,,2011,"Smith, J., & Johnson, M.",SVR surrogate modeling for confinement loss in hexagonal PCFs,Optical Fiber Technology,17,3,201-207,,,Manuscript reference list seed,Article/Proceedings/Book - verify,English - verify,SVR / SVM; Machine learning general,General PCF modeling / design,Classical ML,confinement loss,,,,,,,,,,,,,,,,Manuscript seed only - DOI/publisher verification required,
C0063,63,Primary study claimed by manuscript,Included in manuscript,Include - primary claimed,,2012,"Zhao, X., et al.",FEM data generation and ANN optimization of high-birefringence PCFs,Optik,123,14,1245-1250,,,Manuscript reference list seed,Article/Proceedings/Book - verify,English - verify,ANN / MLP / BPNN,High-birefringence / PM-PCF,Classical ML,birefringence,,,,,,,,,,,,,,,,Manuscript seed only - DOI/publisher verification required,
C0064,64,Primary study claimed by manuscript,Included in manuscript,Include - primary claimed,,2012,"Kumar, A., et al.",Chromatic dispersion engineering in PCFs using MLP regression,IEEE Photonics Journal,4,5,1680-1689,,,Manuscript reference list seed,Article/Proceedings/Book - verify,English - verify,ANN / MLP / BPNN,Optical communications / nonlinear optics,Classical ML,chromatic/group velocity dispersion,,,,,,,,,,,,,,,,Manuscript seed only - DOI/publisher verification required,
C0065,65,Primary study claimed by manuscript,Included in manuscript,Include - primary claimed,,2013,"Liu, Y., et al.",Automated GA-ANN design loop for flattened dispersion PCFs,Optics Express,21,9,10212-10223,,,Manuscript reference list seed,Article/Proceedings/Book - verify,English - verify,ANN / MLP / BPNN; Genetic algorithm / GA / NSGA,Optical communications / nonlinear optics,Hybrid AI-metaheuristic / optimizer,chromatic/group velocity dispersion,,,,,,,,,,,,,,,,Manuscript seed only - DOI/publisher verification required,
C0066,66,Primary study claimed by manuscript,Included in manuscript,Include - primary claimed,,2013,"Khan, M. F., et al.",Liquid analyte index modeling using shallow ANNs integrated with COMSOL,Results in Physics,3,,142-148,,,Manuscript reference list seed,Article/Proceedings/Book - verify,English - verify,Not explicit in title - full-text extraction needed,PCF-SPR / biosensing,Classical ML,sensitivity / FOM / RIU,,,,,,,,,,,,,,,,Manuscript seed only - DOI/publisher verification required,
C0067,67,Primary study claimed by manuscript,Included in manuscript,Include - primary claimed,,2014,"Wang, Z., et al.",PSO paired with SVMs for high-sensitivity SPR-PCF engineering,Optical Fiber Technology,20,2,89-95,,,Manuscript reference list seed,Article/Proceedings/Book - verify,English - verify,Transformer / attention / ViT; Particle swarm / PSO,PCF-SPR / biosensing,Deep learning,sensitivity / FOM / RIU,,,,,,,,,,,,,,,,Manuscript seed only - DOI/publisher verification required,
C0068,68,Primary study claimed by manuscript,Included in manuscript,Include - primary claimed,,2014,"Ghosh, S., et al.",Analysis of effective mode area in macro-bent PCFs via Gaussian process regression,Journal of Lightwave Technology,32,11,2050-2058,,,Manuscript reference list seed,Article/Proceedings/Book - verify,English - verify,GPR / Gaussian process / Kriging,General PCF modeling / design,Classical ML,effective mode area / A_eff,,,,,,,,,,,,,,,,Manuscript seed only - DOI/publisher verification required,
C0069,69,Primary study claimed by manuscript,Included in manuscript,Include - primary claimed,,2015,"Ahmed, S., et al.",Random forest regression for predicting nonlinear coefficients in chalcogenide PCFs,Optics & Laser Technology,68,,45-52,,,Manuscript reference list seed,Article/Proceedings/Book - verify,English - verify,Random forest,General PCF modeling / design,Classical ML,nonlinear coefficient / supercontinuum,,,,,,,,,,,,,,,,Manuscript seed only - DOI/publisher verification required,
C0070,70,Primary study claimed by manuscript,Included in manuscript,Include - primary claimed,,2015,"Kim, J., et al.",Multi-objective evolutionary algorithms using neural network surrogates for MOF optimization,Optik,126,22,3412-3418,,,Manuscript reference list seed,Article/Proceedings/Book - verify,English - verify,ANN / MLP / BPNN; Machine learning general,General PCF modeling / design,Hybrid AI-metaheuristic / optimizer,Not explicit in title,,,,,,,,,,,,,,,,Manuscript seed only - DOI/publisher verification required,
C0071,71,Primary study claimed by manuscript,Included in manuscript,Include - primary claimed,,2016,"Das, S., et al.",Deep FCNNs for modeling high-dimensional cladding features in octagonal PCFs,IEEE Photonics Journal,8,3,1-11,,,Manuscript reference list seed,Article/Proceedings/Book - verify,English - verify,DNN / deep neural network,General PCF modeling / design,Deep learning,Not explicit in title,,,,,,,,,,,,,,,,Manuscript seed only - DOI/publisher verification required,
C0072,72,Primary study claimed by manuscript,Included in manuscript,Include - primary claimed,,2016,"El-Amir, M., et al.",Optimization of porous-core polymer fibers for THz using RBF neural networks,Journal of Lightwave Technology,34,18,4310-4317,,,Manuscript reference list seed,Article/Proceedings/Book - verify,English - verify,ANN / MLP / BPNN,THz PCF waveguides,Classical ML,Not explicit in title,,,,,,,,,,,,,,,,Manuscript seed only - DOI/publisher verification required,
C0073,73,Primary study claimed by manuscript,Included in manuscript,Include - primary claimed,,2017,"Yang, H., et al.",Image-based structural classification of PCF modes using deep CNNs,Optics Express,25,16,19345-19356,,,Manuscript reference list seed,Article/Proceedings/Book - verify,English - verify,Not explicit in title - full-text extraction needed,General PCF modeling / design,Deep learning,Not explicit in title,,,,,,,,,,,,,,,,Manuscript seed only - DOI/publisher verification required,
C0074,74,Primary study claimed by manuscript,Included in manuscript,Include - primary claimed,,2017,"Mishra, P., et al.",Gradient boosting for predicting anomalous dispersion in pure silica microstructured fibers,Optical Fiber Technology,36,,212-219,,,Manuscript reference list seed,Article/Proceedings/Book - verify,English - verify,XGBoost / gradient boosting / LightGBM,Optical communications / nonlinear optics,Classical ML,chromatic/group velocity dispersion,,,,,,,,,,,,,,,,Manuscript seed only - DOI/publisher verification required,
C0075,75,Primary study claimed by manuscript,Included in manuscript,Include - primary claimed,,2018,"Rahman, M. M., et al.",Design of a gold-coated PCF biosensor using ANNs to maximize response amplitude,Results in Physics,9,,1102-1109,,,Manuscript reference list seed,Article/Proceedings/Book - verify,English - verify,Not explicit in title - full-text extraction needed,PCF-SPR / biosensing,Classical ML,sensitivity / FOM / RIU,,,,,,,,,,,,,,,,Manuscript seed only - DOI/publisher verification required,
C0076,76,Primary study claimed by manuscript,Included in manuscript,Include - primary claimed,,2018,"Tan, Y., et al.",DNNs for fast forward estimation of effective indices in multi-ring hollow-core layouts,Optics Express,26,11,14356-14368,,,Manuscript reference list seed,Article/Proceedings/Book - verify,English - verify,Not explicit in title - full-text extraction needed,Hollow-core / anti-resonant PCF,Deep learning,effective refractive index / n_eff,,,,,,,,,,,,,,,,Manuscript seed only - DOI/publisher verification required,
C0077,77,Primary study claimed by manuscript,Included in manuscript,Include - primary claimed,,2018,"Singh, S., et al.",Inverse design of flattened dispersion PCF via tandem deep networks,IEEE Photonics Journal,10,4,1-12,,,Manuscript reference list seed,Article/Proceedings/Book - verify,English - verify,Not explicit in title - full-text extraction needed,Optical communications / nonlinear optics,Inverse / generative design,chromatic/group velocity dispersion; geometry / topology / structural validity,,,,,,,,,,,,,,,,Manuscript seed only - DOI/publisher verification required,
C0078,78,Primary study claimed by manuscript,Included in manuscript,Include - primary claimed,,2019,"Zhou, J., et al.",CNN classification matrices for automated spatial mode tracking in deformed PCF claddings,Journal of Lightwave Technology,37,14,3512-3521,,,Manuscript reference list seed,Article/Proceedings/Book - verify,English - verify,CNN / ResNet / convolutional,General PCF modeling / design,Deep learning,Not explicit in title,,,,,,,,,,,,,,,,Manuscript seed only - DOI/publisher verification required,
C0079,79,Primary study claimed by manuscript,Included in manuscript,Include - primary claimed,,2019,"Hasan, M. R., et al.",Highly sensitive alcohol sensor based on gas-infiltrated PCF optimized via RF regressors,Optik,185,,432-441,,,Manuscript reference list seed,Article/Proceedings/Book - verify,English - verify,Random forest,Chemical / gas / liquid sensing,Classical ML,sensitivity / FOM / RIU,,,,,,,,,,,,,,,,Manuscript seed only - DOI/publisher verification required,
C0080,80,Primary study claimed by manuscript,Included in manuscript,Include - primary claimed,,2019,"Patel, V., et al.",Extreme learning machine architectures for V-parameter indices in asymmetric microstructured designs,Optical Fiber Technology,52,,101981,,,Manuscript reference list seed,Article/Proceedings/Book - verify,English - verify,ANN / MLP / BPNN,General PCF modeling / design,Classical ML,effective refractive index / n_eff,,,,,,,,,,,,,,,,Manuscript seed only - DOI/publisher verification required,
C0081,81,Primary study claimed by manuscript,Included in manuscript,Include - primary claimed,,2020,"Li, C., et al.",DL forward models for dual-guided core PCFs tracking effective material loss in THz bands,Optics Express,28,6,8412-8425,,,Manuscript reference list seed,Article/Proceedings/Book - verify,English - verify,Not explicit in title - full-text extraction needed,THz PCF waveguides,Background / non-AI / requires coding,confinement loss; effective material loss / EML,,,,,,,,,,,,,,,,Manuscript seed only - DOI/publisher verification required,
C0082,82,Primary study claimed by manuscript,Included in manuscript,Include - primary claimed,,2020,"Chowdhury, S., et al.",Optimization of ultra-high sensitivity PCF biosensor using deep MLP regression,Results in Physics,17,,103102,,,Manuscript reference list seed,Article/Proceedings/Book - verify,English - verify,Transformer / attention / ViT; DNN / deep neural network; ANN / MLP / BPNN,PCF-SPR / biosensing,Deep learning,sensitivity / FOM / RIU,,,,,,,,,,,,,,,,Manuscript seed only - DOI/publisher verification required,
C0083,83,Primary study claimed by manuscript,Included in manuscript,Include - primary claimed,,2020,"Ma, D., et al.",Generative inverse design of elliptical-hole PCFs via conditional GANs,IEEE Photonics Journal,12,4,1-13,,,Manuscript reference list seed,Article/Proceedings/Book - verify,English - verify,Not explicit in title - full-text extraction needed,General PCF modeling / design,Inverse / generative design,geometry / topology / structural validity,,,,,,,,,,,,,,,,Manuscript seed only - DOI/publisher verification required,
C0084,84,Primary study claimed by manuscript,Included in manuscript,Include - primary claimed,,2020,"Wu, Z., et al.",LSTM recurrent networks for wavelength-dependent dispersion path sequencing in microstructured links,Journal of Lightwave Technology,38,22,6310-6320,,,Manuscript reference list seed,Article/Proceedings/Book - verify,English - verify,LSTM / recurrent,Optical communications / nonlinear optics,Deep learning,chromatic/group velocity dispersion,,,,,,,,,,,,,,,,Manuscript seed only - DOI/publisher verification required,
C0085,85,Primary study claimed by manuscript,Included in manuscript,Include - primary claimed,,2021,"Zhang, H., et al.",Variational autoencoders for compressing multi-parameter cladding profiles into low-dimensional latent states,Optics Express,29,4,5412-5426,,,Manuscript reference list seed,Article/Proceedings/Book - verify,English - verify,VAE / beta-VAE / CVAE,General PCF modeling / design,Inverse / generative design,Not explicit in title,,,,,,,,,,,,,,,,Manuscript seed only - DOI/publisher verification required,
C0086,86,Primary study claimed by manuscript,Included in manuscript,Include - primary claimed,,2021,"Al-Haji, M., et al.",XGBoost regression for accelerated feature importance discovery in multi-component PCF designs,Optical Fiber Technology,64,,102541,,,Manuscript reference list seed,Article/Proceedings/Book - verify,English - verify,XGBoost / gradient boosting / LightGBM,General PCF modeling / design,Classical ML,Not explicit in title,,,,,,,,,,,,,,,,Manuscript seed only - DOI/publisher verification required,
C0087,87,Primary study claimed by manuscript,Included in manuscript,Include - primary claimed,,2021,"Paul, B. K., et al.",DL surrogate modeling for predicting relative sensitivity in chemical sensors based on square-lattice PCFs,Results in Physics,25,,104211,,,Manuscript reference list seed,Article/Proceedings/Book - verify,English - verify,Transformer / attention / ViT; Machine learning general,Chemical / gas / liquid sensing,Deep learning,sensitivity / FOM / RIU,,,,,,,,,,,,,,,,Manuscript seed only - DOI/publisher verification required,
C0088,88,Primary study claimed by manuscript,Included in manuscript,Include - primary claimed,,2021,"Sun, Y., et al.",Optimization of dispersion flattest profiles using automated Bayesian DL surrogates,Optik,230,,166312,,,Manuscript reference list seed,Article/Proceedings/Book - verify,English - verify,Bayesian optimization / active learning; Machine learning general,Optical communications / nonlinear optics,Hybrid AI-metaheuristic / optimizer,chromatic/group velocity dispersion,,,,,,,,,,,,,,,,Manuscript seed only - DOI/publisher verification required,
C0089,89,Primary study claimed by manuscript,Included in manuscript,Include - primary claimed,,2022,"Liu, D., et al.",DL-driven geometric classification and inverse topology mapping of anti-resonant hollow-core fiber cross-sections,Optics Express,30,8,12845-12860,,,Manuscript reference list seed,Article/Proceedings/Book - verify,English - verify,Not explicit in title - full-text extraction needed,Hollow-core / anti-resonant PCF,Background / non-AI / requires coding,geometry / topology / structural validity,,,,,,,,,,,,,,,,Manuscript seed only - DOI/publisher verification required,
C0090,90,Primary study claimed by manuscript,Included in manuscript,Include - primary claimed,,2022,"Islam, M. R., et al.",High-birefringence THz fiber design using hybrid PSO and DNNs,Journal of Lightwave Technology,40,12,3912-3921,,,Manuscript reference list seed,Article/Proceedings/Book - verify,English - verify,Particle swarm / PSO,THz PCF waveguides,Deep learning,birefringence,,,,,,,,,,,,,,,,Manuscript seed only - DOI/publisher verification required,
C0091,91,Primary study claimed by manuscript,Included in manuscript,Include - primary claimed,,2022,"Wang, J., et al.",Deep tandem networks for resolving inverse configuration mapping inconsistencies in high-dimensional PCF specs,IEEE Photonics Journal,14,3,1-10,,,Manuscript reference list seed,Article/Proceedings/Book - verify,English - verify,Not explicit in title - full-text extraction needed,General PCF modeling / design,Inverse / generative design,Not explicit in title,,,,,,,,,,,,,,,,Manuscript seed only - DOI/publisher verification required,
C0092,92,Primary study claimed by manuscript,Included in manuscript,Include - primary claimed,,2022,"Siddique, A., et al.",Sensitivity maximization of gold-graphene plasmonic biosensors using gradient boosted regression trees,Results in Physics,40,,105812,,,Manuscript reference list seed,Article/Proceedings/Book - verify,English - verify,Transformer / attention / ViT; XGBoost / gradient boosting / LightGBM,PCF-SPR / biosensing,Deep learning,sensitivity / FOM / RIU,,,,,,,,,,,,,,,,Manuscript seed only - DOI/publisher verification required,
C0093,93,Primary study claimed by manuscript,Included in manuscript,Include - primary claimed,,2023,"Zheng, L., et al.",Physics-informed neural networks enforcing continuous electromagnetic boundary residuals across PCF interfaces,Optics Express,31,5,7412-7426,,,Manuscript reference list seed,Article/Proceedings/Book - verify,English - verify,PINN / physics-informed; ANN / MLP / BPNN,General PCF modeling / design,Deep learning,Not explicit in title,,,,,,,,,,,,,,,,Manuscript seed only - DOI/publisher verification required,
C0094,94,Primary study claimed by manuscript,Included in manuscript,Include - primary claimed,,2023,"Anower, M. S., et al.",Analysis of confinement loss minima in liquid-core microstructured links using GPR surrogates,Optical Fiber Technology,76,,103211,,,Manuscript reference list seed,Article/Proceedings/Book - verify,English - verify,GPR / Gaussian process / Kriging; Machine learning general,General PCF modeling / design,Classical ML,confinement loss,,,,,,,,,,,,,,,,Manuscript seed only - DOI/publisher verification required,
C0095,95,Primary study claimed by manuscript,Included in manuscript,Include - primary claimed,,2023,"Xu, M., et al.",Vision transformers with spatial self-attention for tracking macrostructural resonant coupling in multi-core PCF devices,Journal of Lightwave Technology,41,14,4612-4623,,,Manuscript reference list seed,Article/Proceedings/Book - verify,English - verify,Transformer / attention / ViT,General PCF modeling / design,Deep learning,Not explicit in title,,,,,,,,,,,,,,,,Manuscript seed only - DOI/publisher verification required,
C0096,96,Primary study claimed by manuscript,Included in manuscript,Include - primary claimed,,2023,"Gupta, R., et al.",DL model optimizations mapping broadband zero-dispersion trajectories in non-silica soft glass PCF spaces,Optics & Laser Technology,165,,109512,,,Manuscript reference list seed,Article/Proceedings/Book - verify,English - verify,Not explicit in title - full-text extraction needed,Optical communications / nonlinear optics,Background / non-AI / requires coding,chromatic/group velocity dispersion,,,,,,,,,,,,,,,,Manuscript seed only - DOI/publisher verification required,
C0097,97,Primary study claimed by manuscript - AUDIT: Potential scope issue: non-PCF/analogous,Included in manuscript,Needs eligibility re-check before final inclusion,,2024,"Cho, S., et al.",Denoising diffusion probabilistic models for synthesizing structurally stable hollow-core fiber arrays,Nature Computational Science,4,1,45-57,,,Manuscript reference list seed,Article/Proceedings/Book - verify,English - verify,DDPM / diffusion / score-based,Hollow-core / anti-resonant PCF,Inverse / generative design,Not explicit in title,,,,,,,,,,,,,,,,Manuscript seed only - DOI/publisher verification required,Note: this study addresses photonic-analogous metasurface/nanophotonic structures; see Section 7.5 for scope clarification regarding PCF applicability
C0098,98,Primary study claimed by manuscript,Included in manuscript,Include - primary claimed,,2024,"Khatun, M., et al.",Explainable AI (XAI) utilizing SHAP to decode feature parameters in SPR-based microstructured biosensors,Optics Express,32,11,19412-19428,,,Manuscript reference list seed,Article/Proceedings/Book - verify,English - verify,XAI / SHAP,PCF-SPR / biosensing,Background / non-AI / requires coding,sensitivity / FOM / RIU,,,,,,,,,,,,,,,,Manuscript seed only - DOI/publisher verification required,
C0099,99,Primary study claimed by manuscript,Included in manuscript,Include - primary claimed,,2014,"Fini, J. M.",Microstructured optical fibers for high-power applications: Design space acceleration via statistical ML,IEEE Journal of Selected Topics in Quantum Electronics,20,2,112-124,,,Manuscript reference list seed,Article/Proceedings/Book - verify,English - verify,Machine learning general,General PCF modeling / design,Classical ML,Not explicit in title,,,,,,,,,,,,,,,,Manuscript seed only - DOI/publisher verification required,
C0100,100,Primary study claimed by manuscript,Included in manuscript,Include - primary claimed,,2013,"Poletti, F., et al.",Hollow core antiresonant fibers with record low loss via automated surrogate modeling,Nature Photonics,7,4,279-284,,,Manuscript reference list seed,Article/Proceedings/Book - verify,English - verify,Machine learning general,Hollow-core / anti-resonant PCF,Classical ML,confinement loss,,,,,,,,,,,,,,,,Manuscript seed only - DOI/publisher verification required,
C0101,101,Primary study claimed by manuscript,Included in manuscript,Include - primary claimed,,2019,"Habib, M. S., et al.",Low-loss hollow-core anti-resonant fiber for mid-IR: Evolutionary optimization assisted by DNNs,Optics Express,27,4,3814-3826,,,Manuscript reference list seed,Article/Proceedings/Book - verify,English - verify,Not explicit in title - full-text extraction needed,Hollow-core / anti-resonant PCF,Deep learning,confinement loss,,,,,,,,,,,,,,,,Manuscript seed only - DOI/publisher verification required,
C0102,102,Primary study claimed by manuscript,Included in manuscript,Include - primary claimed,,2016,"Vincetti, L., et al.",Empirical modeling of leakage loss in inhibited-coupling hollow-core PCFs using neural networks,Journal of Lightwave Technology,34,15,3542-3548,,,Manuscript reference list seed,Article/Proceedings/Book - verify,English - verify,ANN / MLP / BPNN,Hollow-core / anti-resonant PCF,Classical ML,confinement loss,,,,,,,,,,,,,,,,Manuscript seed only - DOI/publisher verification required,
C0103,103,Primary study claimed by manuscript,Included in manuscript,Include - primary claimed,,2020,"Belardi, W., et al.",Hollow core antiresonant fiber design space exploration via tree-based ML classifiers,Optics Express,28,8,11412-11425,,,Manuscript reference list seed,Article/Proceedings/Book - verify,English - verify,Machine learning general,Hollow-core / anti-resonant PCF,Classical ML,Not explicit in title,,,,,,,,,,,,,,,,Manuscript seed only - DOI/publisher verification required,
C0104,104,Primary study claimed by manuscript,Included in manuscript,Include - primary claimed,,2021,"Tu, H., et al.",Inverse design of highly non-linear tellurite PCF for mid-IR SCG via generative deep networks,Optical Fiber Technology,61,,102411,,,Manuscript reference list seed,Article/Proceedings/Book - verify,English - verify,Not explicit in title - full-text extraction needed,General PCF modeling / design,Inverse / generative design,geometry / topology / structural validity,,,,,,,,,,,,,,,,Manuscript seed only - DOI/publisher verification required,
C0105,105,Primary study claimed by manuscript,Included in manuscript,Include - primary claimed,,2022,"Gao, S., et al.",Multi-objective Bayesian optimization using DNN surrogates for anti-resonant fiber design,Journal of Lightwave Technology,40,6,1812-1821,,,Manuscript reference list seed,Article/Proceedings/Book - verify,English - verify,DNN / deep neural network; Bayesian optimization / active learning; Machine learning general,Hollow-core / anti-resonant PCF,Hybrid AI-metaheuristic / optimizer,Not explicit in title,,,,,,,,,,,,,,,,Manuscript seed only - DOI/publisher verification required,
C0106,106,Primary study claimed by manuscript,Included in manuscript,Include - primary claimed,,2023,"Amrani, F., et al.",Spatiotemporal dynamics tracking in gas-filled hollow-core fibers using DL integrated with numerical solvers,Optics Express,31,12,19812-19825,,,Manuscript reference list seed,Article/Proceedings/Book - verify,English - verify,Not explicit in title - full-text extraction needed,Chemical / gas / liquid sensing,Background / non-AI / requires coding,Not explicit in title,,,,,,,,,,,,,,,,Manuscript seed only - DOI/publisher verification required,
C0107,107,Primary study claimed by manuscript,Included in manuscript,Include - primary claimed,,2015,"Taru, T., et al.",High birefringence index-guiding silica fibers: Geometric optimization using shallow backpropagation networks,Optik,126,18,1712-1717,,,Manuscript reference list seed,Article/Proceedings/Book - verify,English - verify,ANN / MLP / BPNN,High-birefringence / PM-PCF,Classical ML,birefringence,,,,,,,,,,,,,,,,Manuscript seed only - DOI/publisher verification required,
C0108,108,Primary study claimed by manuscript,Included in manuscript,Include - primary claimed,,2020,"Buczynski, R., et al.",Soft glass MOFs for supercontinuum generation: ML-accelerated optimization,IEEE Photonics Journal,12,2,1-14,,,Manuscript reference list seed,Article/Proceedings/Book - verify,English - verify,Machine learning general,Optical communications / nonlinear optics,Classical ML,nonlinear coefficient / supercontinuum,,,,,,,,,,,,,,,,Manuscript seed only - DOI/publisher verification required,
C0109,109,Primary study claimed by manuscript,Included in manuscript,Include - primary claimed,,2021,"Klimczak, M., et al.",Coherent supercontinuum generation in customized PCFs: Accelerated forward design via deep learning,Optics & Laser Technology,138,,106811,,,Manuscript reference list seed,Article/Proceedings/Book - verify,English - verify,DNN / deep neural network,Optical communications / nonlinear optics,Deep learning,nonlinear coefficient / supercontinuum,,,,,,,,,,,,,,,,Manuscript seed only - DOI/publisher verification required,
C0110,110,Primary study claimed by manuscript,Included in manuscript,Include - primary claimed,,2018,"Tani, F., et al.",Soliton dynamics tracking in gas-filled MOFs accelerated via sequential LSTM surrogate models,Optics Express,26,22,29112-29125,,,Manuscript reference list seed,Article/Proceedings/Book - verify,English - verify,LSTM / recurrent; Machine learning general,Chemical / gas / liquid sensing,Deep learning,nonlinear coefficient / supercontinuum,,,,,,,,,,,,,,,,Manuscript seed only - DOI/publisher verification required,
C0111,111,Primary study claimed by manuscript,Included in manuscript,Include - primary claimed,,2019,"Travers, J. C., et al.",High-power pulse compression in hollow-core waveguides via Bayesian DNN surrogates,Nature Photonics,13,8,547-554,,,Manuscript reference list seed,Article/Proceedings/Book - verify,English - verify,DNN / deep neural network; Machine learning general,Hollow-core / anti-resonant PCF,Deep learning,Not explicit in title,,,,,,,,,,,,,,,,Manuscript seed only - DOI/publisher verification required,
C0112,112,Primary study claimed by manuscript,Included in manuscript,Include - primary claimed,,2021,"Joly, N. Y., et al.",PCF design optimization for quantum light generation via CNNs,Journal of Lightwave Technology,39,12,3812-3821,,,Manuscript reference list seed,Article/Proceedings/Book - verify,English - verify,Not explicit in title - full-text extraction needed,General PCF modeling / design,Deep learning,Not explicit in title,,,,,,,,,,,,,,,,Manuscript seed only - DOI/publisher verification required,
C0113,113,Primary study claimed by manuscript,Included in manuscript,Include - primary claimed,,2022,"Stark, S. P., et al.",Extreme nonlinear optical frequency conversion in microstructured silica via neural network regressors,Optics Express,30,4,5612-5625,,,Manuscript reference list seed,Article/Proceedings/Book - verify,English - verify,ANN / MLP / BPNN,Optical communications / nonlinear optics,Classical ML,nonlinear coefficient / supercontinuum,,,,,,,,,,,,,,,,Manuscript seed only - DOI/publisher verification required,
C0114,114,Primary study claimed by manuscript,Included in manuscript,Include - primary claimed,,2023,"Novoa, D., et al.",DL-assisted characterization and real-time structural tracking of core modes in microstructured optical targets,Light: Science & Applications,12,1,84,,,Manuscript reference list seed,Article/Proceedings/Book - verify,English - verify,Not explicit in title - full-text extraction needed,General PCF modeling / design,Background / non-AI / requires coding,Not explicit in title,,,,,,,,,,,,,,,,Manuscript seed only - DOI/publisher verification required,
C0115,115,Primary study claimed by manuscript,Included in manuscript,Include - primary claimed,,2020,"Schülzgen, A., et al.",Multi-core PCF design for high-power fiber lasers via decision tree architectures,Optical Fiber Technology,58,,102251,,,Manuscript reference list seed,Article/Proceedings/Book - verify,English - verify,Not explicit in title - full-text extraction needed,Fiber lasers / high-power delivery,Background / non-AI / requires coding,Not explicit in title,,,,,,,,,,,,,,,,Manuscript seed only - DOI/publisher verification required,
C0116,116,Primary study claimed by manuscript,Included in manuscript,Include - primary claimed,,2021,"Amezcua-Correa, R., et al.",High-capacity SDM transmission over customized microstructured frameworks optimized via DL,Journal of Lightwave Technology,39,4,1112-1121,,,Manuscript reference list seed,Article/Proceedings/Book - verify,English - verify,Not explicit in title - full-text extraction needed,Optical communications / nonlinear optics,Background / non-AI / requires coding,Not explicit in title,,,,,,,,,,,,,,,,Manuscript seed only - DOI/publisher verification required,
C0117,117,Primary study claimed by manuscript,Included in manuscript,Include - primary claimed,,2022,"Richardson, D. J., et al.",Next-generation SDM optical links: Optimization using deep surrogate networks,Nature Photonics,16,5,345-356,,,Manuscript reference list seed,Article/Proceedings/Book - verify,English - verify,DNN / deep neural network; Machine learning general,Optical communications / nonlinear optics,Deep learning,Not explicit in title,,,,,,,,,,,,,,,,Manuscript seed only - DOI/publisher verification required,
C0118,118,Primary study claimed by manuscript,Included in manuscript,Include - primary claimed,,2019,"Li, M. J., et al.",Low-loss multi-core optical fibers for long-haul systems: ML-accelerated parametric design,IEEE Photonics Journal,11,3,1-12,,,Manuscript reference list seed,Article/Proceedings/Book - verify,English - verify,Machine learning general,General PCF modeling / design,Classical ML,confinement loss,,,,,,,,,,,,,,,,Manuscript seed only - DOI/publisher verification required,
C0119,119,Primary study claimed by manuscript,Included in manuscript,Include - primary claimed,,2020,"Matsuo, S., et al.",High-count multi-core fibers with heterogeneous core distributions optimized via neural networks,Optics Express,28,14,20512-20525,,,Manuscript reference list seed,Article/Proceedings/Book - verify,English - verify,ANN / MLP / BPNN,General PCF modeling / design,Classical ML,Not explicit in title,,,,,,,,,,,,,,,,Manuscript seed only - DOI/publisher verification required,
C0120,120,Primary study claimed by manuscript,Included in manuscript,Include - primary claimed,,2021,"Hassan, M. M., et al.",Numerical analysis and ANN-based optimization of a hexagonal PCF for simultaneous sensing applications,Sensors,21,8,2807,,,Manuscript reference list seed,Article/Proceedings/Book - verify,English - verify,ANN / MLP / BPNN,General PCF modeling / design,Classical ML,Not explicit in title,,,,,,,,,,,,,,,,Manuscript seed only - DOI/publisher verification required,
C0121,121,Primary study claimed by manuscript,Included in manuscript,Include - primary claimed,,2021,"Hossain, M. A., et al.",Deep learning based prediction of effective refractive index in asymmetric core PCF,Optik,240,,166926,,,Manuscript reference list seed,Article/Proceedings/Book - verify,English - verify,DNN / deep neural network,General PCF modeling / design,Deep learning,effective refractive index / n_eff,,,,,,,,,,,,,,,,Manuscript seed only - DOI/publisher verification required,
C0122,122,Primary study claimed by manuscript,Included in manuscript,Include - primary claimed,,2022,"Rahman, M. A., et al.",Machine learning optimization of a dual-core PCF for liquid sensing applications,Optics & Laser Technology,153,,108204,,,Manuscript reference list seed,Article/Proceedings/Book - verify,English - verify,Machine learning general,General PCF modeling / design,Classical ML,Not explicit in title,,,,,,,,,,,,,,,,Manuscript seed only - DOI/publisher verification required,
C0123,123,Primary study claimed by manuscript,Included in manuscript,Include - primary claimed,,2022,"Akter, S., et al.",CNN-based forward modeling of birefringent PCF for THz polarization maintenance,IEEE Photonics Journal,14,5,1-11,,,Manuscript reference list seed,Article/Proceedings/Book - verify,English - verify,CNN / ResNet / convolutional,THz PCF waveguides,Deep learning,birefringence,,,,,,,,,,,,,,,,Manuscript seed only - DOI/publisher verification required,
C0124,124,Primary study claimed by manuscript,Included in manuscript,Include - primary claimed,,2022,"Islam, R., et al.",SVR-aided design of a porous-core fiber for terahertz wave guiding,Results in Physics,41,,105950,,,Manuscript reference list seed,Article/Proceedings/Book - verify,English - verify,SVR / SVM,THz PCF waveguides,Classical ML,Not explicit in title,,,,,,,,,,,,,,,,Manuscript seed only - DOI/publisher verification required,
C0125,125,Primary study claimed by manuscript,Included in manuscript,Include - primary claimed,,2022,"Habib, M. A., et al.",Sensitivity enhancement of a PCF-SPR sensor using random forest optimization,Optical Fiber Technology,72,,102972,,,Manuscript reference list seed,Article/Proceedings/Book - verify,English - verify,Transformer / attention / ViT; Random forest,PCF-SPR / biosensing,Deep learning,sensitivity / FOM / RIU,,,,,,,,,,,,,,,,Manuscript seed only - DOI/publisher verification required,
C0126,126,Primary study claimed by manuscript,Included in manuscript,Include - primary claimed,,2022,"Nandini, A., et al.",ANN-assisted design of a gold-silver bimetallic-coated PCF-SPR biosensor for cancer detection,Biosensors,12,7,454,,,Manuscript reference list seed,Article/Proceedings/Book - verify,English - verify,ANN / MLP / BPNN,PCF-SPR / biosensing,Classical ML,sensitivity / FOM / RIU,,,,,,,,,,,,,,,,Manuscript seed only - DOI/publisher verification required,
C0127,127,Primary study claimed by manuscript,Included in manuscript,Include - primary claimed,,2023,"Paul, A. K., et al.",Machine learning approaches for PCF-based analyte detection: A comparative study of ANN and SVR,Photonics,10,2,128,,,Manuscript reference list seed,Article/Proceedings/Book - verify,English - verify,ANN / MLP / BPNN; SVR / SVM; Machine learning general,PCF-SPR / biosensing,Classical ML,sensitivity / FOM / RIU,,,,,,,,,,,,,,,,Manuscript seed only - DOI/publisher verification required,
C0128,128,Primary study claimed by manuscript,Included in manuscript,Include - primary claimed,,2023,"Ahmed, T., et al.",Gradient-boosted ensemble models for predicting plasmonic resonance in gold-coated D-shaped PCF sensors,Optics Communications,541,,129556,,,Manuscript reference list seed,Article/Proceedings/Book - verify,English - verify,XGBoost / gradient boosting / LightGBM,PCF-SPR / biosensing,Classical ML,sensitivity / FOM / RIU,,,,,,,,,,,,,,,,Manuscript seed only - DOI/publisher verification required,
C0129,129,Primary study claimed by manuscript,Included in manuscript,Include - primary claimed,,2023,"Chowdhury, A., et al.","Deep learning inverse design for PCF-based SPR sensor optimization with target sensitivity > 10,000 nm/RIU",Journal of Lightwave Technology,41,8,2412-2422,,,Manuscript reference list seed,Article/Proceedings/Book - verify,English - verify,Transformer / attention / ViT; DNN / deep neural network,PCF-SPR / biosensing,Inverse / generative design,sensitivity / FOM / RIU; geometry / topology / structural validity,,,,,,,,,,,,,,,,Manuscript seed only - DOI/publisher verification required,
C0130,130,Primary study claimed by manuscript,Included in manuscript,Include - primary claimed,,2023,"Liton, M. N. H., et al.",XGBoost and neural network comparison for sensitivity prediction in hexagonal PCF biosensors,Optical Fiber Technology,80,,103461,,,Manuscript reference list seed,Article/Proceedings/Book - verify,English - verify,Transformer / attention / ViT; ANN / MLP / BPNN; XGBoost / gradient boosting / LightGBM,PCF-SPR / biosensing,Deep learning,sensitivity / FOM / RIU,,,,,,,,,,,,,,,,Manuscript seed only - DOI/publisher verification required,
C0131,131,Primary study claimed by manuscript,Included in manuscript,Include - primary claimed,,2023,"Rahaman, A., et al.",Highly sensitive PCF biosensor for human blood component analysis using ML surrogates,Photonics,10,6,653,,,Manuscript reference list seed,Article/Proceedings/Book - verify,English - verify,Machine learning general,PCF-SPR / biosensing,Classical ML,sensitivity / FOM / RIU,,,,,,,,,,,,,,,,Manuscript seed only - DOI/publisher verification required,
C0132,132,Primary study claimed by manuscript,Included in manuscript,Include - primary claimed,,2024,"Begum, F., et al.",Transformer-based deep learning model for PCF-SPR biosensor sensitivity prediction,IEEE Sensors Journal,24,3,3124-3135,,,Manuscript reference list seed,Article/Proceedings/Book - verify,English - verify,Transformer / attention / ViT; DNN / deep neural network,PCF-SPR / biosensing,Deep learning,sensitivity / FOM / RIU,,,,,,,,,,,,,,,,Manuscript seed only - DOI/publisher verification required,
C0133,133,Primary study claimed by manuscript,Included in manuscript,Include - primary claimed,,2024,"Sultana, J., et al.",VAE-guided inverse design of a highly sensitive PCF-SPR sensor for cancer biomarker detection,Optics Express,32,14,23410-23425,,,Manuscript reference list seed,Article/Proceedings/Book - verify,English - verify,VAE / beta-VAE / CVAE,PCF-SPR / biosensing,Inverse / generative design,sensitivity / FOM / RIU; geometry / topology / structural validity,,,,,,,,,,,,,,,,Manuscript seed only - DOI/publisher verification required,
C0134,134,Primary study claimed by manuscript,Included in manuscript,Include - primary claimed,,2021,"Mou, C., et al.",Automated design of THz-guiding porous-core fibers using Bayesian optimization,Optics & Laser Technology,141,,107139,,,Manuscript reference list seed,Article/Proceedings/Book - verify,English - verify,Bayesian optimization / active learning,THz PCF waveguides,Hybrid AI-metaheuristic / optimizer,Not explicit in title,,,,,,,,,,,,,,,,Manuscript seed only - DOI/publisher verification required,
C0135,135,Primary study claimed by manuscript,Included in manuscript,Include - primary claimed,,2022,"Ahmed, K., et al.",Random forest model for effective material loss prediction in porous core THz PCF,Optik,249,,168247,,,Manuscript reference list seed,Article/Proceedings/Book - verify,English - verify,Random forest,THz PCF waveguides,Classical ML,confinement loss; effective material loss / EML,,,,,,,,,,,,,,,,Manuscript seed only - DOI/publisher verification required,
C0136,136,Primary study claimed by manuscript,Included in manuscript,Include - primary claimed,,2022,"Habib, M. S., et al.",DNN-guided multi-objective optimization of a Kagome-lattice THz fiber,Journal of Lightwave Technology,40,9,2912-2921,,,Manuscript reference list seed,Article/Proceedings/Book - verify,English - verify,DNN / deep neural network,THz PCF waveguides,Hybrid AI-metaheuristic / optimizer,Not explicit in title,,,,,,,,,,,,,,,,Manuscript seed only - DOI/publisher verification required,
C0137,137,Primary study claimed by manuscript,Included in manuscript,Include - primary claimed,,2022,"Sultana, J., et al.",ANN surrogate model for birefringent THz PCF design in polarization-maintaining applications,IEEE Photonics Journal,14,2,1-12,,,Manuscript reference list seed,Article/Proceedings/Book - verify,English - verify,ANN / MLP / BPNN; Machine learning general,THz PCF waveguides,Classical ML,birefringence,,,,,,,,,,,,,,,,Manuscript seed only - DOI/publisher verification required,
C0138,138,Primary study claimed by manuscript,Included in manuscript,Include - primary claimed,,2023,"Hossen, M. B., et al.",Machine learning-driven optimization of a low-loss asymmetric porous THz fiber for biomedical imaging,Sensors,23,4,1963,,,Manuscript reference list seed,Article/Proceedings/Book - verify,English - verify,Machine learning general,THz PCF waveguides,Classical ML,confinement loss,,,,,,,,,,,,,,,,Manuscript seed only - DOI/publisher verification required,
C0139,139,Primary study claimed by manuscript,Included in manuscript,Include - primary claimed,,2023,"Islam, M. A., et al.",Deep learning surrogate for broadband THz-PCF design with near-zero dispersion,Optics Communications,536,,129399,,,Manuscript reference list seed,Article/Proceedings/Book - verify,English - verify,DNN / deep neural network; Machine learning general,THz PCF waveguides,Deep learning,chromatic/group velocity dispersion,,,,,,,,,,,,,,,,Manuscript seed only - DOI/publisher verification required,
C0140,140,Primary study claimed by manuscript,Included in manuscript,Include - primary claimed,,2024,"Abir, M. A. A., et al.","Multi-output DNN for simultaneous prediction of EML, birefringence, and confinement loss in THz-PCF",Results in Physics,57,,107391,,,Manuscript reference list seed,Article/Proceedings/Book - verify,English - verify,DNN / deep neural network,THz PCF waveguides,Deep learning,confinement loss; birefringence; effective material loss / EML,,,,,,,,,,,,,,,,Manuscript seed only - DOI/publisher verification required,
C0141,141,Primary study claimed by manuscript,Included in manuscript,Include - primary claimed,,2023,"Dasa, M. K., et al.",Machine learning optimization of hollow-core anti-resonant fiber for THz wave delivery,Optics Express,31,22,36104-36118,,,Manuscript reference list seed,Article/Proceedings/Book - verify,English - verify,Machine learning general,THz PCF waveguides,Classical ML,Not explicit in title,,,,,,,,,,,,,,,,Manuscript seed only - DOI/publisher verification required,
C0142,142,Primary study claimed by manuscript,Included in manuscript,Include - primary claimed,,2022,"Rana, S., et al.",XGBoost optimization of polymer PCF for high-birefringence THz polarimetry,Optik,259,,168925,,,Manuscript reference list seed,Article/Proceedings/Book - verify,English - verify,XGBoost / gradient boosting / LightGBM,THz PCF waveguides,Classical ML,birefringence,,,,,,,,,,,,,,,,Manuscript seed only - DOI/publisher verification required,
C0143,143,Primary study claimed by manuscript,Included in manuscript,Include - primary claimed,,2021,"Hasan, M. M., et al.",Support vector regression for prediction of relative sensitivity in gas-filled PCF sensors,Results in Physics,22,,103875,,,Manuscript reference list seed,Article/Proceedings/Book - verify,English - verify,Transformer / attention / ViT; SVR / SVM,Chemical / gas / liquid sensing,Inverse / generative design,sensitivity / FOM / RIU,,,,,,,,,,,,,,,,Manuscript seed only - DOI/publisher verification required,
C0144,144,Primary study claimed by manuscript,Included in manuscript,Include - primary claimed,,2022,"Olyaee, S., et al.",ANN modeling of a liquid-infiltrated PCF sensor for environmental monitoring,Sensors and Actuators A: Physical,344,,113724,,,Manuscript reference list seed,Article/Proceedings/Book - verify,English - verify,ANN / MLP / BPNN,Chemical / gas / liquid sensing,Classical ML,sensitivity / FOM / RIU,,,,,,,,,,,,,,,,Manuscript seed only - DOI/publisher verification required,
C0145,145,Primary study claimed by manuscript,Included in manuscript,Include - primary claimed,,2022,"Paul, B. K., et al.",Random forest based sensitivity prediction for chemical sensing in hexagonal PCF,Optics & Laser Technology,155,,108383,,,Manuscript reference list seed,Article/Proceedings/Book - verify,English - verify,Transformer / attention / ViT; Random forest,PCF-SPR / biosensing,Deep learning,sensitivity / FOM / RIU,,,,,,,,,,,,,,,,Manuscript seed only - DOI/publisher verification required,
C0146,146,Primary study claimed by manuscript,Included in manuscript,Include - primary claimed,,2023,"Rifat, A. A., et al.",Deep learning regression for CO₂ gas sensing performance optimization in porous PCF structures,IEEE Sensors Journal,23,5,4532-4542,,,Manuscript reference list seed,Article/Proceedings/Book - verify,English - verify,DNN / deep neural network,Chemical / gas / liquid sensing,Deep learning,Not explicit in title,,,,,,,,,,,,,,,,Manuscript seed only - DOI/publisher verification required,
C0147,147,Primary study claimed by manuscript,Included in manuscript,Include - primary claimed,,2023,"Bhuiyan, T., et al.",LSTM-based prediction of toxic gas sensitivity in asymmetric-hole PCF chemical sensors,Optics Communications,537,,129430,,,Manuscript reference list seed,Article/Proceedings/Book - verify,English - verify,Transformer / attention / ViT; LSTM / recurrent,Chemical / gas / liquid sensing,Deep learning,sensitivity / FOM / RIU,,,,,,,,,,,,,,,,Manuscript seed only - DOI/publisher verification required,
C0148,148,Primary study claimed by manuscript,Included in manuscript,Include - primary claimed,,2024,"Mou, J., et al.",GA-DNN hybrid optimization of methane-sensing hollow-core PCF with ultra-high evanescent field overlap,Optics Express,32,10,17422-17436,,,Manuscript reference list seed,Article/Proceedings/Book - verify,English - verify,DNN / deep neural network; Genetic algorithm / GA / NSGA,Chemical / gas / liquid sensing,Hybrid AI-metaheuristic / optimizer,Not explicit in title,,,,,,,,,,,,,,,,Manuscript seed only - DOI/publisher verification required,
C0149,149,Primary study claimed by manuscript,Included in manuscript,Include - primary claimed,,2023,"Tan, Z., et al.",DNN optimization of dispersion-flattened PCF for high-coherence supercontinuum generation in telecom band,Optics Letters,48,10,2634-2637,,,Manuscript reference list seed,Article/Proceedings/Book - verify,English - verify,DNN / deep neural network,Optical communications / nonlinear optics,Deep learning,chromatic/group velocity dispersion; nonlinear coefficient / supercontinuum,,,,,,,,,,,,,,,,Manuscript seed only - DOI/publisher verification required,
C0150,150,Primary study claimed by manuscript,Included in manuscript,Include - primary claimed,,2023,"Sun, J., et al.",CNN-surrogate design of chalcogenide PCF for mid-infrared supercontinuum spanning 1-12 µm,Optics Express,31,16,26342-26357,,,Manuscript reference list seed,Article/Proceedings/Book - verify,English - verify,CNN / ResNet / convolutional; Machine learning general,Optical communications / nonlinear optics,Deep learning,nonlinear coefficient / supercontinuum,,,,,,,,,,,,,,,,Manuscript seed only - DOI/publisher verification required,
C0151,151,Primary study claimed by manuscript,Included in manuscript,Include - primary claimed,,2023,"Wang, Q., et al.",Multi-objective Bayesian optimization of photonic crystal fiber for dual-wavelength soliton generation,Photonics Research,11,7,1143-1155,,,Manuscript reference list seed,Article/Proceedings/Book - verify,English - verify,Bayesian optimization / active learning,Optical communications / nonlinear optics,Hybrid AI-metaheuristic / optimizer,nonlinear coefficient / supercontinuum,,,,,,,,,,,,,,,,Manuscript seed only - DOI/publisher verification required,
C0152,152,Primary study claimed by manuscript,Included in manuscript,Include - primary claimed,,2024,"Zhang, K., et al.",Physics-informed LSTM model for group velocity dispersion prediction in silica nanowires and PCF,IEEE Journal of Selected Topics in Quantum Electronics,30,3,5100112,,,Manuscript reference list seed,Article/Proceedings/Book - verify,English - verify,PINN / physics-informed; LSTM / recurrent,Optical communications / nonlinear optics,Deep learning,chromatic/group velocity dispersion,,,,,,,,,,,,,,,,Manuscript seed only - DOI/publisher verification required,
C0153,153,Primary study claimed by manuscript,Included in manuscript,Include - primary claimed,,2024,"Liu, H., et al.",GAN-driven inverse design of octagonal PCF for broadband anomalous dispersion generation,Journal of Lightwave Technology,42,8,2731-2742,,,Manuscript reference list seed,Article/Proceedings/Book - verify,English - verify,GAN / cGAN,Optical communications / nonlinear optics,Inverse / generative design,chromatic/group velocity dispersion; geometry / topology / structural validity,,,,,,,,,,,,,,,,Manuscript seed only - DOI/publisher verification required,
C0154,154,Primary study claimed by manuscript,Included in manuscript,Include - primary claimed,,2024,"Chen, Z., et al.",VAE inverse design of tellurite-glass PCF for multi-octave mid-IR supercontinuum with fabrication tolerance,Light: Science & Applications,13,1,52,,,Manuscript reference list seed,Article/Proceedings/Book - verify,English - verify,VAE / beta-VAE / CVAE,Optical communications / nonlinear optics,Inverse / generative design,nonlinear coefficient / supercontinuum; geometry / topology / structural validity,,,,,,,,,,,,,,,,Manuscript seed only - DOI/publisher verification required,
C0155,155,Primary study claimed by manuscript - AUDIT: Potential scope issue: non-PCF/analogous,Included in manuscript,Needs eligibility re-check before final inclusion,,2024,"Huang, T., et al.",Diffusion model generative design of silicon PCF for octave-spanning comb generation,Nature Photonics,18,6,512-521,,,Manuscript reference list seed,Article/Proceedings/Book - verify,English - verify,DDPM / diffusion / score-based,Optical communications / nonlinear optics,Inverse / generative design,nonlinear coefficient / supercontinuum,,,,,,,,,,,,,,,,Manuscript seed only - DOI/publisher verification required,"Note: nanophotonic comb-generation structure; photonic-analogous to PCF, see Section 7.5"
C0156,156,Primary study claimed by manuscript,Included in manuscript,Include - primary claimed,,2022,"Islam, M. S., et al.",ANN-based prediction of group birefringence in stress-applying member PCF,IEEE Photonics Journal,14,4,1-10,,,Manuscript reference list seed,Article/Proceedings/Book - verify,English - verify,ANN / MLP / BPNN,High-birefringence / PM-PCF,Classical ML,birefringence,,,,,,,,,,,,,,,,Manuscript seed only - DOI/publisher verification required,
C0157,157,Primary study claimed by manuscript,Included in manuscript,Include - primary claimed,,2023,"Ahmed, K., et al.",SVR and ANN comparative study for birefringence optimization in elliptical-hole PCF,Optik,274,,170560,,,Manuscript reference list seed,Article/Proceedings/Book - verify,English - verify,ANN / MLP / BPNN; SVR / SVM,High-birefringence / PM-PCF,Classical ML,birefringence,,,,,,,,,,,,,,,,Manuscript seed only - DOI/publisher verification required,
C0158,158,Primary study claimed by manuscript,Included in manuscript,Include - primary claimed,,2023,"Hossain, M. A., et al.",DNN-based multi-objective optimization of a birefringent PCF for polarization-maintaining single-mode operation,Results in Physics,54,,107070,,,Manuscript reference list seed,Article/Proceedings/Book - verify,English - verify,DNN / deep neural network,High-birefringence / PM-PCF,Hybrid AI-metaheuristic / optimizer,birefringence,,,,,,,,,,,,,,,,Manuscript seed only - DOI/publisher verification required,
C0159,159,Primary study claimed by manuscript,Included in manuscript,Include - primary claimed,,2023,"Park, S., et al.",Transformer encoder model for predicting polarization cross-talk in multi-ring birefringent PCF arrays,Journal of Lightwave Technology,41,18,5912-5922,,,Manuscript reference list seed,Article/Proceedings/Book - verify,English - verify,Transformer / attention / ViT,High-birefringence / PM-PCF,Deep learning,birefringence,,,,,,,,,,,,,,,,Manuscript seed only - DOI/publisher verification required,
C0160,160,Primary study claimed by manuscript,Included in manuscript,Include - primary claimed,,2024,"Li, X., et al.",RL-agent guided design of high-birefringence PCF for fiber gyroscope applications,Optics Express,32,6,9812-9826,,,Manuscript reference list seed,Article/Proceedings/Book - verify,English - verify,Reinforcement learning / DQN / PPO,High-birefringence / PM-PCF,Inverse / generative design,birefringence,,,,,,,,,,,,,,,,Manuscript seed only - DOI/publisher verification required,
C0161,161,Primary study claimed by manuscript,Included in manuscript,Include - primary claimed,,2022,"Bhatt, D., et al.",DNN surrogate for effective mode area prediction in large-mode-area PCF fiber lasers,Optical Fiber Technology,68,,102821,,,Manuscript reference list seed,Article/Proceedings/Book - verify,English - verify,DNN / deep neural network; Machine learning general,Fiber lasers / high-power delivery,Deep learning,effective mode area / A_eff,,,,,,,,,,,,,,,,Manuscript seed only - DOI/publisher verification required,
C0162,162,Primary study claimed by manuscript,Included in manuscript,Include - primary claimed,,2022,"Wu, Y., et al.",CNN-based design of Yb-doped large-mode-area PCF for kW-class fiber laser outputs,Optics Express,30,18,32312-32328,,,Manuscript reference list seed,Article/Proceedings/Book - verify,English - verify,CNN / ResNet / convolutional,Fiber lasers / high-power delivery,Deep learning,effective mode area / A_eff,,,,,,,,,,,,,,,,Manuscript seed only - DOI/publisher verification required,
C0163,163,Primary study claimed by manuscript,Included in manuscript,Include - primary claimed,,2023,"Kumar, S., et al.",Random forest feature importance analysis for parameter selection in PCF fiber laser optimization,Photonics,10,4,402,,,Manuscript reference list seed,Article/Proceedings/Book - verify,English - verify,Random forest,Fiber lasers / high-power delivery,Classical ML,Not explicit in title,,,,,,,,,,,,,,,,Manuscript seed only - DOI/publisher verification required,
C0164,164,Primary study claimed by manuscript,Included in manuscript,Include - primary claimed,,2023,"Deng, H., et al.",Bayesian optimization of cladding geometry in all-solid photonic bandgap fiber for laser mode control,Journal of Lightwave Technology,41,10,3212-3221,,,Manuscript reference list seed,Article/Proceedings/Book - verify,English - verify,Bayesian optimization / active learning,Fiber lasers / high-power delivery,Hybrid AI-metaheuristic / optimizer,geometry / topology / structural validity,,,,,,,,,,,,,,,,Manuscript seed only - DOI/publisher verification required,
C0165,165,Primary study claimed by manuscript,Included in manuscript,Include - primary claimed,,2024,"Tao, J., et al.",Deep generative model for inverse design of PCF supporting single-mode operation with large effective area > 1000 µm²,Nature Photonics,18,3,198-207,,,Manuscript reference list seed,Article/Proceedings/Book - verify,English - verify,Not explicit in title - full-text extraction needed,General PCF modeling / design,Inverse / generative design,geometry / topology / structural validity,,,,,,,,,,,,,,,,Manuscript seed only - DOI/publisher verification required,
C0166,166,Primary study claimed by manuscript,Included in manuscript,Include - primary claimed,,2021,"Guo, C., et al.",Transfer learning from broad to narrow PCF parameter spaces for data-efficient surrogate modeling,Optics Express,29,22,35910-35924,,,Manuscript reference list seed,Article/Proceedings/Book - verify,English - verify,Machine learning general,General PCF modeling / design,Classical ML,Not explicit in title,,,,,,,,,,,,,,,,Manuscript seed only - DOI/publisher verification required,
C0167,167,Primary study claimed by manuscript,Included in manuscript,Include - primary claimed,,2022,"Shen, B., et al.",Active learning with Gaussian process surrogates for optimal PCF design space sampling,Optics Letters,47,8,1982-1985,,,Manuscript reference list seed,Article/Proceedings/Book - verify,English - verify,GPR / Gaussian process / Kriging; Bayesian optimization / active learning; Machine learning general,General PCF modeling / design,Hybrid AI-metaheuristic / optimizer,Not explicit in title,,,,,,,,,,,,,,,,Manuscript seed only - DOI/publisher verification required,
C0168,168,Primary study claimed by manuscript,Included in manuscript,Include - primary claimed,,2022,"Chen, X., et al.",Physics-constrained deep learning for physically realizable PCF inverse design with hole-wall thickness enforcement,IEEE Photonics Journal,14,6,1-11,,,Manuscript reference list seed,Article/Proceedings/Book - verify,English - verify,PINN / physics-informed; DNN / deep neural network,General PCF modeling / design,Inverse / generative design,geometry / topology / structural validity,,,,,,,,,,,,,,,,Manuscript seed only - DOI/publisher verification required,
C0169,169,Primary study claimed by manuscript,Included in manuscript,Include - primary claimed,,2023,"Zhao, J., et al.",SHAP explainability analysis of DNN surrogate models for PCF sensitivity prediction,Results in Physics,52,,106801,,,Manuscript reference list seed,Article/Proceedings/Book - verify,English - verify,Transformer / attention / ViT; DNN / deep neural network; XAI / SHAP; Machine learning general,PCF-SPR / biosensing,Deep learning,sensitivity / FOM / RIU,,,,,,,,,,,,,,,,Manuscript seed only - DOI/publisher verification required,
C0170,170,Primary study claimed by manuscript,Included in manuscript,Include - primary claimed,,2023,"Liu, Z., et al.",Fabrication-aware inverse design of PCF with stochastic hole-diameter perturbation embedding,Optics Express,31,20,32812-32828,,,Manuscript reference list seed,Article/Proceedings/Book - verify,English - verify,Not explicit in title - full-text extraction needed,Fabrication / digital twin / SEM inspection,Inverse / generative design,geometry / topology / structural validity,,,,,,,,,,,,,,,,Manuscript seed only - DOI/publisher verification required,
C0171,171,Primary study claimed by manuscript,Included in manuscript,Include - primary claimed,,2024,"Wang, H., et al.",Digital twin framework for real-time monitoring and AI-guided control of PCF drawing tower processes,Journal of Lightwave Technology,42,12,4112-4122,,,Manuscript reference list seed,Article/Proceedings/Book - verify,English - verify,Not explicit in title - full-text extraction needed,Fabrication / digital twin / SEM inspection,Background / non-AI / requires coding,Not explicit in title,,,,,,,,,,,,,,,,Manuscript seed only - DOI/publisher verification required,
C0172,172,Primary study claimed by manuscript,Included in manuscript,Include - primary claimed,,2024,"Luo, J., et al.",Multi-fidelity Bayesian optimization for efficient PCF design with limited high-fidelity FEM samples,Optics Express,32,16,27412-27428,,,Manuscript reference list seed,Article/Proceedings/Book - verify,English - verify,Bayesian optimization / active learning,General PCF modeling / design,Hybrid AI-metaheuristic / optimizer,Not explicit in title,,,,,,,,,,,,,,,,Manuscript seed only - DOI/publisher verification required,
C0173,173,Primary study claimed by manuscript,Included in manuscript,Include - primary claimed,,2024,"Huang, Y., et al.",Federated learning for privacy-preserving collaborative PCF surrogate modeling across institutions,Photonics Research,12,8,1623-1636,,,Manuscript reference list seed,Article/Proceedings/Book - verify,English - verify,Foundation / self-supervised / federated; Machine learning general,General PCF modeling / design,Deep learning,Not explicit in title,,,,,,,,,,,,,,,,Manuscript seed only - DOI/publisher verification required,
C0174,174,Primary study claimed by manuscript,Included in manuscript,Include - primary claimed,,2025,"Du, J., et al.",Graph neural network (GNN) representation of PCF hole topology for structure-property modeling,Nature Computational Science,5,4,312-323,,,Manuscript reference list seed,Article/Proceedings/Book - verify,English - verify,GNN / graph neural network; ANN / MLP / BPNN,General PCF modeling / design,Deep learning,geometry / topology / structural validity,,,,,,,,,,,,,,,,Manuscript seed only - DOI/publisher verification required,
C0175,175,Primary study claimed by manuscript,Included in manuscript,Include - primary claimed,,2025,"Wei, X., et al.",Foundation model for photonic crystal fiber: Pre-training on one million simulated structures for universal surrogate modeling,Science Advances,11,12,eado2819,,,Manuscript reference list seed,Article/Proceedings/Book - verify,English - verify,Foundation / self-supervised / federated; Machine learning general,General PCF modeling / design,Deep learning,Not explicit in title,,,,,,,,,,,,,,,,Manuscript seed only - DOI/publisher verification required,
C0176,176,Primary study claimed by manuscript,Included in manuscript,Include - primary claimed,,2025,"Chen, Q., et al.",Quantum-inspired ML kernel optimization for high-dimensional PCF design space exploration,Optics Express,33,8,13812-13828,,,Manuscript reference list seed,Article/Proceedings/Book - verify,English - verify,Machine learning general,General PCF modeling / design,Classical ML,Not explicit in title,,,,,,,,,,,,,,,,Manuscript seed only - DOI/publisher verification required,
C0177,177,Primary study claimed by manuscript,Included in manuscript,Include - primary claimed,,2022,"Li, Y., et al.",Surrogate-based multi-objective optimization of helical PCF for fiber-optic gyroscope using NSGA-II,Optical Fiber Technology,73,,103012,,,Manuscript reference list seed,Article/Proceedings/Book - verify,English - verify,Genetic algorithm / GA / NSGA; Machine learning general,High-birefringence / PM-PCF,Hybrid AI-metaheuristic / optimizer,Not explicit in title,,,,,,,,,,,,,,,,Manuscript seed only - DOI/publisher verification required,
C0178,178,Primary study claimed by manuscript - AUDIT: Potential scope issue: may not be PCF primary,Included in manuscript,Needs eligibility re-check before final inclusion,,2023,"Hu, Z., et al.",ANN-guided optimization of silicon microring resonators coupled to PCF for on-chip nonlinear photonics,Optics Express,31,8,13412-13427,,,Manuscript reference list seed,Article/Proceedings/Book - verify,English - verify,ANN / MLP / BPNN,General PCF modeling / design,Classical ML,nonlinear coefficient / supercontinuum,,,,,,,,,,,,,,,,Manuscript seed only - DOI/publisher verification required,
C0179,179,Primary study claimed by manuscript,Included in manuscript,Include - primary claimed,,2023,"Park, H., et al.",Deep learning joint optimization of mode-division and wavelength-division multiplexing parameters in few-mode PCF,Journal of Lightwave Technology,41,22,6912-6922,,,Manuscript reference list seed,Article/Proceedings/Book - verify,English - verify,DNN / deep neural network,Optical communications / nonlinear optics,Deep learning,Not explicit in title,,,,,,,,,,,,,,,,Manuscript seed only - DOI/publisher verification required,
C0180,180,Primary study claimed by manuscript,Included in manuscript,Include - primary claimed,,2024,"Ye, H., et al.",Convolutional autoencoder for unsupervised PCF topology clustering and anomaly detection,Optics Express,32,20,34812-34828,,,Manuscript reference list seed,Article/Proceedings/Book - verify,English - verify,CNN / ResNet / convolutional,General PCF modeling / design,Deep learning,geometry / topology / structural validity,,,,,,,,,,,,,,,,Manuscript seed only - DOI/publisher verification required,
C0181,181,Primary study claimed by manuscript,Included in manuscript,Include - primary claimed,,2024,"Huang, L., et al.","Multi-task DNN for simultaneous prediction of optical, mechanical, and thermal properties in chalcogenide PCF",Advanced Photonics,6,3,034001,,,Manuscript reference list seed,Article/Proceedings/Book - verify,English - verify,DNN / deep neural network,General PCF modeling / design,Deep learning,Not explicit in title,,,,,,,,,,,,,,,,Manuscript seed only - DOI/publisher verification required,
C0182,182,Primary study claimed by manuscript,Included in manuscript,Include - primary claimed,,2026,"Jiao, Y., et al.",Real-time AI-guided fabrication feedback control for photonic crystal fiber drawing with 0.1% diameter tolerance,Optica,13,1,45-58,,,Manuscript reference list seed,Article/Proceedings/Book - verify,English - verify,Not explicit in title - full-text extraction needed,Fabrication / digital twin / SEM inspection,Background / non-AI / requires coding,geometry / topology / structural validity,,,,,,,,,,,,,,,,Manuscript seed only - DOI/publisher verification required,Published online: February 2026
C0183,183,Primary study claimed by manuscript,Included in manuscript,Include - primary claimed,,2026,"Lin, Z., et al.",First experimental demonstration of diffusion-model-designed PCF with fabrication-verified properties in SPR biosensing,Nature Photonics,20,2,98-107,,,Manuscript reference list seed,Article/Proceedings/Book - verify,English - verify,DDPM / diffusion / score-based,PCF-SPR / biosensing,Inverse / generative design,geometry / topology / structural validity,,,,,,,,,,,,,,,,Manuscript seed only - DOI/publisher verification required,Published online: 18 February 2026; indexed in Scopus 12 March 2026 - within the 31 May 2026 search cutoff
C0184,184,Primary study claimed by manuscript,Included in manuscript,Include - primary claimed,,2021,"Hassan, K., et al.",Comparative ML analysis for PCF biosensors: ANN vs,SVR vs. RF for analyte refractive index prediction. Optik,245,,167723,,,Manuscript reference list seed,Article/Proceedings/Book - verify,English - verify,ANN / MLP / BPNN; Machine learning general,PCF-SPR / biosensing,Classical ML,sensitivity / FOM / RIU,,,,,,,,,,,,,,,,Manuscript seed only - DOI/publisher verification required,
C0185,185,Primary study claimed by manuscript,Included in manuscript,Include - primary claimed,,2022,"Reza, M. S., et al.",Deep learning-based plasmonic PCF sensor for malaria parasite detection in blood samples,Biosensors,12,10,812,,,Manuscript reference list seed,Article/Proceedings/Book - verify,English - verify,DNN / deep neural network,PCF-SPR / biosensing,Deep learning,sensitivity / FOM / RIU,,,,,,,,,,,,,,,,Manuscript seed only - DOI/publisher verification required,
C0186,186,Primary study claimed by manuscript,Included in manuscript,Include - primary claimed,,2022,"Sohel, M. A., et al.",XGBoost optimization of a twin-core PCF-SPR sensor for simultaneous multi-analyte detection,Sensors and Actuators A: Physical,346,,113841,,,Manuscript reference list seed,Article/Proceedings/Book - verify,English - verify,XGBoost / gradient boosting / LightGBM,PCF-SPR / biosensing,Classical ML,sensitivity / FOM / RIU,,,,,,,,,,,,,,,,Manuscript seed only - DOI/publisher verification required,
C0187,187,Primary study claimed by manuscript,Included in manuscript,Include - primary claimed,,2023,"Hossain, B., et al.",Gradient boosting surrogate for wavelength sensitivity prediction in nano-ring-coated PCF-SPR sensors,Optics & Laser Technology,168,,109864,,,Manuscript reference list seed,Article/Proceedings/Book - verify,English - verify,Transformer / attention / ViT; XGBoost / gradient boosting / LightGBM; Machine learning general,PCF-SPR / biosensing,Deep learning,sensitivity / FOM / RIU,,,,,,,,,,,,,,,,Manuscript seed only - DOI/publisher verification required,
C0188,188,Primary study claimed by manuscript,Included in manuscript,Include - primary claimed,,2023,"Islam, S., et al.",Physics-informed neural network for PCF-SPR biosensor modeling with electromagnetic constraint embedding,IEEE Sensors Journal,23,12,12432-12443,,,Manuscript reference list seed,Article/Proceedings/Book - verify,English - verify,PINN / physics-informed; ANN / MLP / BPNN,PCF-SPR / biosensing,Deep learning,sensitivity / FOM / RIU,,,,,,,,,,,,,,,,Manuscript seed only - DOI/publisher verification required,
C0189,189,Primary study claimed by manuscript,Included in manuscript,Include - primary claimed,,2024,"Liton, N., et al.",Explainable XGBoost analysis of gold-layer thickness effects in helical D-shaped PCF biosensors,Results in Physics,58,,107438,,,Manuscript reference list seed,Article/Proceedings/Book - verify,English - verify,XGBoost / gradient boosting / LightGBM; XAI / SHAP,PCF-SPR / biosensing,Classical ML,sensitivity / FOM / RIU,,,,,,,,,,,,,,,,Manuscript seed only - DOI/publisher verification required,
C0190,190,Primary study claimed by manuscript,Included in manuscript,Include - primary claimed,,2024,"Begum, S., et al.","VAE-guided multi-objective inverse design of graphene-gold PCF-SPR sensor with target sensitivity > 12,000 nm/RIU",Optics Express,32,22,38812-38828,,,Manuscript reference list seed,Article/Proceedings/Book - verify,English - verify,VAE / beta-VAE / CVAE; Transformer / attention / ViT,PCF-SPR / biosensing,Inverse / generative design,sensitivity / FOM / RIU; geometry / topology / structural validity,,,,,,,,,,,,,,,,Manuscript seed only - DOI/publisher verification required,
C0191,191,Primary study claimed by manuscript,Included in manuscript,Include - primary claimed,,2025,"Kabir, M. A., et al.",Diffusion model inverse design of plasmonic PCF biosensor arrays for simultaneous multi-cancer biomarker detection,Advanced Photonics,7,2,024002,,,Manuscript reference list seed,Article/Proceedings/Book - verify,English - verify,DDPM / diffusion / score-based,PCF-SPR / biosensing,Inverse / generative design,sensitivity / FOM / RIU; geometry / topology / structural validity,,,,,,,,,,,,,,,,Manuscript seed only - DOI/publisher verification required,
C0192,192,Primary study claimed by manuscript,Included in manuscript,Include - primary claimed,,2021,"Paul, B. K., et al.",Numerical investigation and ANN-based optimization of an ethanol-sensor PCF,Sensors and Actuators A: Physical,329,,112814,,,Manuscript reference list seed,Article/Proceedings/Book - verify,English - verify,ANN / MLP / BPNN,Chemical / gas / liquid sensing,Classical ML,sensitivity / FOM / RIU,,,,,,,,,,,,,,,,Manuscript seed only - DOI/publisher verification required,
C0193,193,Primary study claimed by manuscript,Included in manuscript,Include - primary claimed,,2022,"Akter, S., et al.",Random forest-aided design of a highly porous PCF for VOC detection with enhanced sensitivity,Optical Fiber Technology,70,,102872,,,Manuscript reference list seed,Article/Proceedings/Book - verify,English - verify,Transformer / attention / ViT; Random forest,Chemical / gas / liquid sensing,Deep learning,sensitivity / FOM / RIU,,,,,,,,,,,,,,,,Manuscript seed only - DOI/publisher verification required,
C0194,194,Primary study claimed by manuscript,Included in manuscript,Include - primary claimed,,2023,"Malka, D., et al.",CNN-based automated detection of structural defects in fabricated PCF cross-sections from SEM images,Optics Express,31,18,29312-29328,,,Manuscript reference list seed,Article/Proceedings/Book - verify,English - verify,CNN / ResNet / convolutional,Fabrication / digital twin / SEM inspection,Deep learning,geometry / topology / structural validity,,,,,,,,,,,,,,,,Manuscript seed only - DOI/publisher verification required,
C0195,195,Primary study claimed by manuscript,Included in manuscript,Include - primary claimed,,2023,"Zhao, Y., et al.",DNN for rapid forward property prediction in spiral-lattice PCF for rotation sensing,Journal of Lightwave Technology,41,16,5212-5222,,,Manuscript reference list seed,Article/Proceedings/Book - verify,English - verify,DNN / deep neural network,General PCF modeling / design,Deep learning,Not explicit in title,,,,,,,,,,,,,,,,Manuscript seed only - DOI/publisher verification required,
C0196,196,Primary study claimed by manuscript,Included in manuscript,Include - primary claimed,,2024,"Guo, X., et al.",LSTM surrogate model for real-time prediction of pulse propagation in highly non-linear PCF under high power,Optics Express,32,18,31812-31828,,,Manuscript reference list seed,Article/Proceedings/Book - verify,English - verify,LSTM / recurrent; Machine learning general,General PCF modeling / design,Deep learning,Not explicit in title,,,,,,,,,,,,,,,,Manuscript seed only - DOI/publisher verification required,
C0197,197,Primary study claimed by manuscript,Included in manuscript,Include - primary claimed,,2022,"Vial, B., et al.",Topology optimization of PCF hole arrangement using adjoint-based gradient descent with DNN warm-starting,Optics Express,30,22,40122-40138,,,Manuscript reference list seed,Article/Proceedings/Book - verify,English - verify,DNN / deep neural network,General PCF modeling / design,Deep learning,geometry / topology / structural validity,,,,,,,,,,,,,,,,Manuscript seed only - DOI/publisher verification required,
C0198,198,Primary study claimed by manuscript,Included in manuscript,Include - primary claimed,,2023,"Huang, Z., et al.",PINN-guided inverse design of graded-index PCF for simultaneous single-mode and flat dispersion operation,Photonics Research,11,10,1712-1724,,,Manuscript reference list seed,Article/Proceedings/Book - verify,English - verify,PINN / physics-informed,Optical communications / nonlinear optics,Inverse / generative design,chromatic/group velocity dispersion; geometry / topology / structural validity,,,,,,,,,,,,,,,,Manuscript seed only - DOI/publisher verification required,
C0199,199,Primary study claimed by manuscript,Included in manuscript,Include - primary claimed,,2024,"Liang, Q., et al.",Score-based generative model for inverse design of hollow-core nested anti-resonant nodeless fiber,Nature Computational Science,4,6,412-423,,,Manuscript reference list seed,Article/Proceedings/Book - verify,English - verify,DDPM / diffusion / score-based,Hollow-core / anti-resonant PCF,Inverse / generative design,geometry / topology / structural validity,,,,,,,,,,,,,,,,Manuscript seed only - DOI/publisher verification required,PCF-specific DDPM application; see Section 7.5 for discussion of this study’s structural-validity metric
C0200,200,Primary study claimed by manuscript,Included in manuscript,Include - primary claimed,,2026,"Song, H., et al.",Multi-agent reinforcement learning for autonomous exploration of high-dimensional PCF design spaces with surrogate environment,Science Advances,12,4,eadp6312,,,Manuscript reference list seed,Article/Proceedings/Book - verify,English - verify,Reinforcement learning / DQN / PPO; Machine learning general,General PCF modeling / design,Inverse / generative design,Not explicit in title,,,,,,,,,,,,,,,,Manuscript seed only - DOI/publisher verification required,Published online: January 2026
C0201,201,Primary study claimed by manuscript,Included in manuscript,Include - primary claimed,,2021,"Fan, X., et al.",ANN surrogate for joint prediction of birefringence and dispersion in elliptic-hole PCF with small core,Optik,233,,166564,,,Manuscript reference list seed,Article/Proceedings/Book - verify,English - verify,ANN / MLP / BPNN; Machine learning general,Optical communications / nonlinear optics,Classical ML,chromatic/group velocity dispersion; birefringence,,,,,,,,,,,,,,,,Manuscript seed only - DOI/publisher verification required,
C0202,202,Primary study claimed by manuscript,Included in manuscript,Include - primary claimed,,2022,"Zheng, C., et al.",DNN-driven parametric space exploration for PM-PCF in fiber Bragg grating sensing,IEEE Photonics Journal,14,1,1-11,,,Manuscript reference list seed,Article/Proceedings/Book - verify,English - verify,DNN / deep neural network,General PCF modeling / design,Deep learning,Not explicit in title,,,,,,,,,,,,,,,,Manuscript seed only - DOI/publisher verification required,
C0203,203,Primary study claimed by manuscript,Included in manuscript,Include - primary claimed,,2023,"Dong, J., et al.",Multi-physics surrogate DNN coupling optical and thermo-mechanical properties of PCF for high-power delivery,Optics Express,31,24,40122-40137,,,Manuscript reference list seed,Article/Proceedings/Book - verify,English - verify,DNN / deep neural network; Machine learning general,General PCF modeling / design,Deep learning,Not explicit in title,,,,,,,,,,,,,,,,Manuscript seed only - DOI/publisher verification required,
C0204,204,Primary study claimed by manuscript,Included in manuscript,Include - primary claimed,,2024,"Wu, F., et al.",Active learning-guided design of low-loss large-pitch PCF for attosecond science,Optics Letters,49,4,842-845,,,Manuscript reference list seed,Article/Proceedings/Book - verify,English - verify,Bayesian optimization / active learning,General PCF modeling / design,Hybrid AI-metaheuristic / optimizer,confinement loss,,,,,,,,,,,,,,,,Manuscript seed only - DOI/publisher verification required,
C0205,205,Primary study claimed by manuscript,Included in manuscript,Include - primary claimed,,2024,"Lin, H., et al.",GAN inverse design for PCF supporting orbital angular momentum (OAM) mode propagation with low crosstalk,Journal of Lightwave Technology,42,10,3412-3422,,,Manuscript reference list seed,Article/Proceedings/Book - verify,English - verify,GAN / cGAN,Optical communications / nonlinear optics,Inverse / generative design,geometry / topology / structural validity,,,,,,,,,,,,,,,,Manuscript seed only - DOI/publisher verification required,
C0206,206,Primary study claimed by manuscript,Included in manuscript,Include - primary claimed,,2025,"Xue, Z., et al.",Diffusion-based conditional generation of twisted PCF structures for fiber OAM multiplexing,Photonics Research,13,4,812-824,,,Manuscript reference list seed,Article/Proceedings/Book - verify,English - verify,DDPM / diffusion / score-based,Optical communications / nonlinear optics,Inverse / generative design,Not explicit in title,,,,,,,,,,,,,,,,Manuscript seed only - DOI/publisher verification required,
C0207,207,Primary study claimed by manuscript,Included in manuscript,Include - primary claimed,,2022,"Chiang, T., et al.",RF-based feature importance analysis for identifying dominant geometric parameters in THz porous-core fiber,IEEE Transactions on Terahertz Science and Technology,12,4,412-421,,,Manuscript reference list seed,Article/Proceedings/Book - verify,English - verify,Random forest,THz PCF waveguides,Classical ML,Not explicit in title,,,,,,,,,,,,,,,,Manuscript seed only - DOI/publisher verification required,
C0208,208,Primary study claimed by manuscript,Included in manuscript,Include - primary claimed,,2023,"Kaur, V., et al.",Deep learning surrogate for simultaneous optimization of sensitivity and FOM in PCF-SPR label-free biosensors,Biosensors and Bioelectronics,227,,115178,,,Manuscript reference list seed,Article/Proceedings/Book - verify,English - verify,Transformer / attention / ViT; DNN / deep neural network; Machine learning general,PCF-SPR / biosensing,Deep learning,sensitivity / FOM / RIU,,,,,,,,,,,,,,,,Manuscript seed only - DOI/publisher verification required,
C0209,209,Primary study claimed by manuscript,Included in manuscript,Include - primary claimed,,2024,"Monika, M. I., et al.",Vision Transformer-XGBoost ensemble for plasmonic PCF sensor parameter prediction with uncertainty quantification,Optics Express,32,24,42812-42828,,,Manuscript reference list seed,Article/Proceedings/Book - verify,English - verify,Transformer / attention / ViT; XGBoost / gradient boosting / LightGBM,PCF-SPR / biosensing,Deep learning,sensitivity / FOM / RIU,,,,,,,,,,,,,,,,Manuscript seed only - DOI/publisher verification required,
C0210,210,Primary study claimed by manuscript,Included in manuscript,Include - primary claimed,,2025,"Hossain, M. B., et al.",Physics-guided ensemble learning for confinement loss prediction in D-shaped PCF with metallic overlay,Optics & Laser Technology,181,,111662,,,Manuscript reference list seed,Article/Proceedings/Book - verify,English - verify,PINN / physics-informed,General PCF modeling / design,Deep learning,confinement loss,,,,,,,,,,,,,,,,Manuscript seed only - DOI/publisher verification required,
C0211,211,Primary study claimed by manuscript,Included in manuscript,Include - primary claimed,,2022,"Chen, J., et al.",Graph convolutional network for irregular PCF hole topology representation and property prediction,Optics Express,30,14,24312-24328,,,Manuscript reference list seed,Article/Proceedings/Book - verify,English - verify,GNN / graph neural network; CNN / ResNet / convolutional,General PCF modeling / design,Deep learning,geometry / topology / structural validity,,,,,,,,,,,,,,,,Manuscript seed only - DOI/publisher verification required,
C0212,212,Primary study claimed by manuscript,Included in manuscript,Include - primary claimed,,2023,"Zhou, Y., et al.",Topological deep learning for photonic crystal fiber with non-Euclidean air-hole arrangement,Nature Computational Science,3,8,712-723,,,Manuscript reference list seed,Article/Proceedings/Book - verify,English - verify,GNN / graph neural network; DNN / deep neural network,General PCF modeling / design,Deep learning,Not explicit in title,,,,,,,,,,,,,,,,Manuscript seed only - DOI/publisher verification required,
C0213,213,Primary study claimed by manuscript,Included in manuscript,Include - primary claimed,,2023,"Wang, R., et al.",Generative inverse design of PCF with arbitrary 2D hole pattern for custom dispersion engineering via score-based diffusion,Advanced Photonics,5,6,064001,,,Manuscript reference list seed,Article/Proceedings/Book - verify,English - verify,DDPM / diffusion / score-based,Optical communications / nonlinear optics,Inverse / generative design,chromatic/group velocity dispersion; geometry / topology / structural validity,,,,,,,,,,,,,,,,Manuscript seed only - DOI/publisher verification required,
C0214,214,Primary study claimed by manuscript,Included in manuscript,Include - primary claimed,,2024,"Liu, X., et al.","Multi-conditional DDPM for simultaneous dispersion, nonlinearity, and loss co-optimization in micro-structured fibers",Journal of Lightwave Technology,42,16,5712-5722,,,Manuscript reference list seed,Article/Proceedings/Book - verify,English - verify,DDPM / diffusion / score-based,Optical communications / nonlinear optics,Inverse / generative design,confinement loss; chromatic/group velocity dispersion; nonlinear coefficient / supercontinuum,,,,,,,,,,,,,,,,Manuscript seed only - DOI/publisher verification required,
C0215,215,Primary study claimed by manuscript,Included in manuscript,Include - primary claimed,,2024,"Bi, W., et al.",Self-supervised pre-training on unlabeled PCF cross-section images for improved supervised surrogate modeling,Optics Express,32,12,20612-20628,,,Manuscript reference list seed,Article/Proceedings/Book - verify,English - verify,Foundation / self-supervised / federated; Machine learning general,General PCF modeling / design,Deep learning,geometry / topology / structural validity,,,,,,,,,,,,,,,,Manuscript seed only - DOI/publisher verification required,
C0216,216,Primary study claimed by manuscript,Included in manuscript,Include - primary claimed,,2025,"Zhao, L., et al.",Foundation model pre-training with 10 million simulated PCF spectra for universal photonic property prediction,Science,388,6745,412-419,,,Manuscript reference list seed,Article/Proceedings/Book - verify,English - verify,Foundation / self-supervised / federated,General PCF modeling / design,Deep learning,Not explicit in title,,,,,,,,,,,,,,,,Manuscript seed only - DOI/publisher verification required,
C0217,217,Primary study claimed by manuscript,Included in manuscript,Include - primary claimed,,2022,"Tang, Y., et al.",Bayesian neural network surrogate with aleatoric and epistemic uncertainty quantification for PCF design under fabrication variability,Optics Express,30,20,35312-35328,,,Manuscript reference list seed,Article/Proceedings/Book - verify,English - verify,ANN / MLP / BPNN; Machine learning general,Fabrication / digital twin / SEM inspection,Classical ML,geometry / topology / structural validity,,,,,,,,,,,,,,,,Manuscript seed only - DOI/publisher verification required,
C0218,218,Primary study claimed by manuscript,Included in manuscript,Include - primary claimed,,2023,"Meng, Q., et al.",Uncertainty-aware deep learning for robust PCF-SPR sensor design under gold-layer deposition variability,IEEE Sensors Journal,23,8,8432-8443,,,Manuscript reference list seed,Article/Proceedings/Book - verify,English - verify,DNN / deep neural network,PCF-SPR / biosensing,Deep learning,sensitivity / FOM / RIU,,,,,,,,,,,,,,,,Manuscript seed only - DOI/publisher verification required,
C0219,219,Primary study claimed by manuscript,Included in manuscript,Include - primary claimed,,2024,"Peng, X., et al.",Conformal prediction intervals for DNN-based PCF property prediction: Rigorous coverage guarantees for photonic surrogate models,Photonics Research,12,12,2612-2624,,,Manuscript reference list seed,Article/Proceedings/Book - verify,English - verify,DNN / deep neural network; Machine learning general,General PCF modeling / design,Deep learning,Not explicit in title,,,,,,,,,,,,,,,,Manuscript seed only - DOI/publisher verification required,
C0220,220,Primary study claimed by manuscript,Included in manuscript,Include - primary claimed,,2025,"Xiao, J., et al.",Equivariant neural network surrogate for PCF design respecting rotational symmetry of cladding lattice,Nature Machine Intelligence,7,2,145-158,,,Manuscript reference list seed,Article/Proceedings/Book - verify,English - verify,ANN / MLP / BPNN; Machine learning general,General PCF modeling / design,Classical ML,Not explicit in title,,,,,,,,,,,,,,,,Manuscript seed only - DOI/publisher verification required,
C0221,221,Primary study claimed by manuscript,Included in manuscript,Include - primary claimed,,2022,"Guo, L., et al.",DNN-assisted optimization of double-clad PCF for high-power Er:Yb fiber lasers with reduced photodarkening,Optical Fiber Technology,71,,102912,,,Manuscript reference list seed,Article/Proceedings/Book - verify,English - verify,DNN / deep neural network,Fiber lasers / high-power delivery,Deep learning,Not explicit in title,,,,,,,,,,,,,,,,Manuscript seed only - DOI/publisher verification required,
C0222,222,Primary study claimed by manuscript,Included in manuscript,Include - primary claimed,,2023,"Huang, W., et al.",Machine learning design of chirped-pitch PCF for ultrashort pulse delivery in biomedical endoscopy,Journal of Lightwave Technology,41,20,6512-6522,,,Manuscript reference list seed,Article/Proceedings/Book - verify,English - verify,Machine learning general,General PCF modeling / design,Classical ML,Not explicit in title,,,,,,,,,,,,,,,,Manuscript seed only - DOI/publisher verification required,
C0223,223,Primary study claimed by manuscript,Included in manuscript,Include - primary claimed,,2024,"Song, Z., et al.",Inverse design of high-sensitivity PCF hydrogen sensor via conditional VAE with fabrication constraint penalty,Optics Express,32,8,13812-13828,,,Manuscript reference list seed,Article/Proceedings/Book - verify,English - verify,VAE / beta-VAE / CVAE; Transformer / attention / ViT,Chemical / gas / liquid sensing,Inverse / generative design,sensitivity / FOM / RIU; geometry / topology / structural validity,,,,,,,,,,,,,,,,Manuscript seed only - DOI/publisher verification required,
C0224,224,Primary study claimed by manuscript,Included in manuscript,Include - primary claimed,,2026,"He, J., et al.","Autonomous AI-driven closed-loop PCF fabrication system integrating digital twin, RL agent, and drawing tower feedback",Optica,13,2,156-169,,,Manuscript reference list seed,Article/Proceedings/Book - verify,English - verify,Not explicit in title - full-text extraction needed,Fabrication / digital twin / SEM inspection,Background / non-AI / requires coding,geometry / topology / structural validity,,,,,,,,,,,,,,,,Manuscript seed only - DOI/publisher verification required,Published online: March 2026
C0225,225,Primary study claimed by manuscript,Included in manuscript,Include - primary claimed,,2026,"Wei, T., et al.",Comparative validation of structural-realizability metrics for diffusion-model-generated photonic crystal fiber geometries against drawing-tower fabrication constraints,Optics Express,34,3,4512-4528,,,Manuscript reference list seed,Article/Proceedings/Book - verify,English - verify,DDPM / diffusion / score-based,Fabrication / digital twin / SEM inspection,Inverse / generative design,geometry / topology / structural validity,,,,,,,,,,,,,,,,Manuscript seed only - DOI/publisher verification required,"Published online: April 2026; the most recent PCF-specific diffusion-model study in the corpus, supporting the discussion in Section 7.5 and Section 13.2"
C0226,POST1,Post-cutoff surveillance candidate - not in current corpus,Post-cutoff hold,Exclude from current manuscript unless cutoff updated,EC5/post-cutoff,2026,"Dawood, N. Y. M., Younis, B. M., Hameed, M. F. O., et al.",AI-enhanced inverse design of photonic crystal fiber optical modulator using deep reinforcement learning technique,Scientific Reports,16,,19551,10.1038/s41598-026-52039-z,https://www.nature.com/articles/s41598-026-52039-z,Web surveillance search 2026-07-04,Journal article,English,Reinforcement learning / DQN / PPO,General PCF modeling / design,Inverse / generative design,geometry / topology / structural validity,,FDTD/3D FDTD - verify from full text,,,,,,Tolerance tests reported in article summary - verify full text,,,,,,,,Web verified: Nature Scientific Reports,Published after 31 May 2026 cutoff; include only if review cutoff is updated.
C0227,,Reserved import slot - not a paper until database metadata is imported,Awaiting Scopus/WoS/IEEE/OpenAlex export,Do not cite/count yet,,,,,,,,,,,,,,,,,,,,,,,,,,,,,,,,,Needs database export proof,Paste/import a real database record here; do not fabricate.
C0228,,Reserved import slot - not a paper until database metadata is imported,Awaiting Scopus/WoS/IEEE/OpenAlex export,Do not cite/count yet,,,,,,,,,,,,,,,,,,,,,,,,,,,,,,,,,Needs database export proof,Paste/import a real database record here; do not fabricate.
C0229,,Reserved import slot - not a paper until database metadata is imported,Awaiting Scopus/WoS/IEEE/OpenAlex export,Do not cite/count yet,,,,,,,,,,,,,,,,,,,,,,,,,,,,,,,,,Needs database export proof,Paste/import a real database record here; do not fabricate.
C0230,,Reserved import slot - not a paper until database metadata is imported,Awaiting Scopus/WoS/IEEE/OpenAlex export,Do not cite/count yet,,,,,,,,,,,,,,,,,,,,,,,,,,,,,,,,,Needs database export proof,Paste/import a real database record here; do not fabricate.
C0231,,Reserved import slot - not a paper until database metadata is imported,Awaiting Scopus/WoS/IEEE/OpenAlex export,Do not cite/count yet,,,,,,,,,,,,,,,,,,,,,,,,,,,,,,,,,Needs database export proof,Paste/import a real database record here; do not fabricate.
C0232,,Reserved import slot - not a paper until database metadata is imported,Awaiting Scopus/WoS/IEEE/OpenAlex export,Do not cite/count yet,,,,,,,,,,,,,,,,,,,,,,,,,,,,,,,,,Needs database export proof,Paste/import a real database record here; do not fabricate.
C0233,,Reserved import slot - not a paper until database metadata is imported,Awaiting Scopus/WoS/IEEE/OpenAlex export,Do not cite/count yet,,,,,,,,,,,,,,,,,,,,,,,,,,,,,,,,,Needs database export proof,Paste/import a real database record here; do not fabricate.
C0234,,Reserved import slot - not a paper until database metadata is imported,Awaiting Scopus/WoS/IEEE/OpenAlex export,Do not cite/count yet,,,,,,,,,,,,,,,,,,,,,,,,,,,,,,,,,Needs database export proof,Paste/import a real database record here; do not fabricate.
C0235,,Reserved import slot - not a paper until database metadata is imported,Awaiting Scopus/WoS/IEEE/OpenAlex export,Do not cite/count yet,,,,,,,,,,,,,,,,,,,,,,,,,,,,,,,,,Needs database export proof,Paste/import a real database record here; do not fabricate.
C0236,,Reserved import slot - not a paper until database metadata is imported,Awaiting Scopus/WoS/IEEE/OpenAlex export,Do not cite/count yet,,,,,,,,,,,,,,,,,,,,,,,,,,,,,,,,,Needs database export proof,Paste/import a real database record here; do not fabricate.
C0237,,Reserved import slot - not a paper until database metadata is imported,Awaiting Scopus/WoS/IEEE/OpenAlex export,Do not cite/count yet,,,,,,,,,,,,,,,,,,,,,,,,,,,,,,,,,Needs database export proof,Paste/import a real database record here; do not fabricate.
C0238,,Reserved import slot - not a paper until database metadata is imported,Awaiting Scopus/WoS/IEEE/OpenAlex export,Do not cite/count yet,,,,,,,,,,,,,,,,,,,,,,,,,,,,,,,,,Needs database export proof,Paste/import a real database record here; do not fabricate.
C0239,,Reserved import slot - not a paper until database metadata is imported,Awaiting Scopus/WoS/IEEE/OpenAlex export,Do not cite/count yet,,,,,,,,,,,,,,,,,,,,,,,,,,,,,,,,,Needs database export proof,Paste/import a real database record here; do not fabricate.
C0240,,Reserved import slot - not a paper until database metadata is imported,Awaiting Scopus/WoS/IEEE/OpenAlex export,Do not cite/count yet,,,,,,,,,,,,,,,,,,,,,,,,,,,,,,,,,Needs database export proof,Paste/import a real database record here; do not fabricate.
C0241,,Reserved import slot - not a paper until database metadata is imported,Awaiting Scopus/WoS/IEEE/OpenAlex export,Do not cite/count yet,,,,,,,,,,,,,,,,,,,,,,,,,,,,,,,,,Needs database export proof,Paste/import a real database record here; do not fabricate.
C0242,,Reserved import slot - not a paper until database metadata is imported,Awaiting Scopus/WoS/IEEE/OpenAlex export,Do not cite/count yet,,,,,,,,,,,,,,,,,,,,,,,,,,,,,,,,,Needs database export proof,Paste/import a real database record here; do not fabricate.
C0243,,Reserved import slot - not a paper until database metadata is imported,Awaiting Scopus/WoS/IEEE/OpenAlex export,Do not cite/count yet,,,,,,,,,,,,,,,,,,,,,,,,,,,,,,,,,Needs database export proof,Paste/import a real database record here; do not fabricate.
C0244,,Reserved import slot - not a paper until database metadata is imported,Awaiting Scopus/WoS/IEEE/OpenAlex export,Do not cite/count yet,,,,,,,,,,,,,,,,,,,,,,,,,,,,,,,,,Needs database export proof,Paste/import a real database record here; do not fabricate.
C0245,,Reserved import slot - not a paper until database metadata is imported,Awaiting Scopus/WoS/IEEE/OpenAlex export,Do not cite/count yet,,,,,,,,,,,,,,,,,,,,,,,,,,,,,,,,,Needs database export proof,Paste/import a real database record here; do not fabricate.
C0246,,Reserved import slot - not a paper until database metadata is imported,Awaiting Scopus/WoS/IEEE/OpenAlex export,Do not cite/count yet,,,,,,,,,,,,,,,,,,,,,,,,,,,,,,,,,Needs database export proof,Paste/import a real database record here; do not fabricate.
C0247,,Reserved import slot - not a paper until database metadata is imported,Awaiting Scopus/WoS/IEEE/OpenAlex export,Do not cite/count yet,,,,,,,,,,,,,,,,,,,,,,,,,,,,,,,,,Needs database export proof,Paste/import a real database record here; do not fabricate.
C0248,,Reserved import slot - not a paper until database metadata is imported,Awaiting Scopus/WoS/IEEE/OpenAlex export,Do not cite/count yet,,,,,,,,,,,,,,,,,,,,,,,,,,,,,,,,,Needs database export proof,Paste/import a real database record here; do not fabricate.
C0249,,Reserved import slot - not a paper until database metadata is imported,Awaiting Scopus/WoS/IEEE/OpenAlex export,Do not cite/count yet,,,,,,,,,,,,,,,,,,,,,,,,,,,,,,,,,Needs database export proof,Paste/import a real database record here; do not fabricate.
C0250,,Reserved import slot - not a paper until database metadata is imported,Awaiting Scopus/WoS/IEEE/OpenAlex export,Do not cite/count yet,,,,,,,,,,,,,,,,,,,,,,,,,,,,,,,,,Needs database export proof,Paste/import a real database record here; do not fabricate.
C0251,,Reserved import slot - not a paper until database metadata is imported,Awaiting Scopus/WoS/IEEE/OpenAlex export,Do not cite/count yet,,,,,,,,,,,,,,,,,,,,,,,,,,,,,,,,,Needs database export proof,Paste/import a real database record here; do not fabricate.
C0252,,Reserved import slot - not a paper until database metadata is imported,Awaiting Scopus/WoS/IEEE/OpenAlex export,Do not cite/count yet,,,,,,,,,,,,,,,,,,,,,,,,,,,,,,,,,Needs database export proof,Paste/import a real database record here; do not fabricate.
C0253,,Reserved import slot - not a paper until database metadata is imported,Awaiting Scopus/WoS/IEEE/OpenAlex export,Do not cite/count yet,,,,,,,,,,,,,,,,,,,,,,,,,,,,,,,,,Needs database export proof,Paste/import a real database record here; do not fabricate.
C0254,,Reserved import slot - not a paper until database metadata is imported,Awaiting Scopus/WoS/IEEE/OpenAlex export,Do not cite/count yet,,,,,,,,,,,,,,,,,,,,,,,,,,,,,,,,,Needs database export proof,Paste/import a real database record here; do not fabricate.
C0255,,Reserved import slot - not a paper until database metadata is imported,Awaiting Scopus/WoS/IEEE/OpenAlex export,Do not cite/count yet,,,,,,,,,,,,,,,,,,,,,,,,,,,,,,,,,Needs database export proof,Paste/import a real database record here; do not fabricate.
C0256,,Reserved import slot - not a paper until database metadata is imported,Awaiting Scopus/WoS/IEEE/OpenAlex export,Do not cite/count yet,,,,,,,,,,,,,,,,,,,,,,,,,,,,,,,,,Needs database export proof,Paste/import a real database record here; do not fabricate.
C0257,,Reserved import slot - not a paper until database metadata is imported,Awaiting Scopus/WoS/IEEE/OpenAlex export,Do not cite/count yet,,,,,,,,,,,,,,,,,,,,,,,,,,,,,,,,,Needs database export proof,Paste/import a real database record here; do not fabricate.
C0258,,Reserved import slot - not a paper until database metadata is imported,Awaiting Scopus/WoS/IEEE/OpenAlex export,Do not cite/count yet,,,,,,,,,,,,,,,,,,,,,,,,,,,,,,,,,Needs database export proof,Paste/import a real database record here; do not fabricate.
C0259,,Reserved import slot - not a paper until database metadata is imported,Awaiting Scopus/WoS/IEEE/OpenAlex export,Do not cite/count yet,,,,,,,,,,,,,,,,,,,,,,,,,,,,,,,,,Needs database export proof,Paste/import a real database record here; do not fabricate.
C0260,,Reserved import slot - not a paper until database metadata is imported,Awaiting Scopus/WoS/IEEE/OpenAlex export,Do not cite/count yet,,,,,,,,,,,,,,,,,,,,,,,,,,,,,,,,,Needs database export proof,Paste/import a real database record here; do not fabricate.
C0261,,Reserved import slot - not a paper until database metadata is imported,Awaiting Scopus/WoS/IEEE/OpenAlex export,Do not cite/count yet,,,,,,,,,,,,,,,,,,,,,,,,,,,,,,,,,Needs database export proof,Paste/import a real database record here; do not fabricate.
C0262,,Reserved import slot - not a paper until database metadata is imported,Awaiting Scopus/WoS/IEEE/OpenAlex export,Do not cite/count yet,,,,,,,,,,,,,,,,,,,,,,,,,,,,,,,,,Needs database export proof,Paste/import a real database record here; do not fabricate.
C0263,,Reserved import slot - not a paper until database metadata is imported,Awaiting Scopus/WoS/IEEE/OpenAlex export,Do not cite/count yet,,,,,,,,,,,,,,,,,,,,,,,,,,,,,,,,,Needs database export proof,Paste/import a real database record here; do not fabricate.
C0264,,Reserved import slot - not a paper until database metadata is imported,Awaiting Scopus/WoS/IEEE/OpenAlex export,Do not cite/count yet,,,,,,,,,,,,,,,,,,,,,,,,,,,,,,,,,Needs database export proof,Paste/import a real database record here; do not fabricate.
C0265,,Reserved import slot - not a paper until database metadata is imported,Awaiting Scopus/WoS/IEEE/OpenAlex export,Do not cite/count yet,,,,,,,,,,,,,,,,,,,,,,,,,,,,,,,,,Needs database export proof,Paste/import a real database record here; do not fabricate.
C0266,,Reserved import slot - not a paper until database metadata is imported,Awaiting Scopus/WoS/IEEE/OpenAlex export,Do not cite/count yet,,,,,,,,,,,,,,,,,,,,,,,,,,,,,,,,,Needs database export proof,Paste/import a real database record here; do not fabricate.
C0267,,Reserved import slot - not a paper until database metadata is imported,Awaiting Scopus/WoS/IEEE/OpenAlex export,Do not cite/count yet,,,,,,,,,,,,,,,,,,,,,,,,,,,,,,,,,Needs database export proof,Paste/import a real database record here; do not fabricate.
C0268,,Reserved import slot - not a paper until database metadata is imported,Awaiting Scopus/WoS/IEEE/OpenAlex export,Do not cite/count yet,,,,,,,,,,,,,,,,,,,,,,,,,,,,,,,,,Needs database export proof,Paste/import a real database record here; do not fabricate.
C0269,,Reserved import slot - not a paper until database metadata is imported,Awaiting Scopus/WoS/IEEE/OpenAlex export,Do not cite/count yet,,,,,,,,,,,,,,,,,,,,,,,,,,,,,,,,,Needs database export proof,Paste/import a real database record here; do not fabricate.
C0270,,Reserved import slot - not a paper until database metadata is imported,Awaiting Scopus/WoS/IEEE/OpenAlex export,Do not cite/count yet,,,,,,,,,,,,,,,,,,,,,,,,,,,,,,,,,Needs database export proof,Paste/import a real database record here; do not fabricate.
C0271,,Reserved import slot - not a paper until database metadata is imported,Awaiting Scopus/WoS/IEEE/OpenAlex export,Do not cite/count yet,,,,,,,,,,,,,,,,,,,,,,,,,,,,,,,,,Needs database export proof,Paste/import a real database record here; do not fabricate.
C0272,,Reserved import slot - not a paper until database metadata is imported,Awaiting Scopus/WoS/IEEE/OpenAlex export,Do not cite/count yet,,,,,,,,,,,,,,,,,,,,,,,,,,,,,,,,,Needs database export proof,Paste/import a real database record here; do not fabricate.
C0273,,Reserved import slot - not a paper until database metadata is imported,Awaiting Scopus/WoS/IEEE/OpenAlex export,Do not cite/count yet,,,,,,,,,,,,,,,,,,,,,,,,,,,,,,,,,Needs database export proof,Paste/import a real database record here; do not fabricate.
C0274,,Reserved import slot - not a paper until database metadata is imported,Awaiting Scopus/WoS/IEEE/OpenAlex export,Do not cite/count yet,,,,,,,,,,,,,,,,,,,,,,,,,,,,,,,,,Needs database export proof,Paste/import a real database record here; do not fabricate.
C0275,,Reserved import slot - not a paper until database metadata is imported,Awaiting Scopus/WoS/IEEE/OpenAlex export,Do not cite/count yet,,,,,,,,,,,,,,,,,,,,,,,,,,,,,,,,,Needs database export proof,Paste/import a real database record here; do not fabricate.
C0276,,Reserved import slot - not a paper until database metadata is imported,Awaiting Scopus/WoS/IEEE/OpenAlex export,Do not cite/count yet,,,,,,,,,,,,,,,,,,,,,,,,,,,,,,,,,Needs database export proof,Paste/import a real database record here; do not fabricate.
C0277,,Reserved import slot - not a paper until database metadata is imported,Awaiting Scopus/WoS/IEEE/OpenAlex export,Do not cite/count yet,,,,,,,,,,,,,,,,,,,,,,,,,,,,,,,,,Needs database export proof,Paste/import a real database record here; do not fabricate.
C0278,,Reserved import slot - not a paper until database metadata is imported,Awaiting Scopus/WoS/IEEE/OpenAlex export,Do not cite/count yet,,,,,,,,,,,,,,,,,,,,,,,,,,,,,,,,,Needs database export proof,Paste/import a real database record here; do not fabricate.
C0279,,Reserved import slot - not a paper until database metadata is imported,Awaiting Scopus/WoS/IEEE/OpenAlex export,Do not cite/count yet,,,,,,,,,,,,,,,,,,,,,,,,,,,,,,,,,Needs database export proof,Paste/import a real database record here; do not fabricate.
C0280,,Reserved import slot - not a paper until database metadata is imported,Awaiting Scopus/WoS/IEEE/OpenAlex export,Do not cite/count yet,,,,,,,,,,,,,,,,,,,,,,,,,,,,,,,,,Needs database export proof,Paste/import a real database record here; do not fabricate.
C0281,,Reserved import slot - not a paper until database metadata is imported,Awaiting Scopus/WoS/IEEE/OpenAlex export,Do not cite/count yet,,,,,,,,,,,,,,,,,,,,,,,,,,,,,,,,,Needs database export proof,Paste/import a real database record here; do not fabricate.
C0282,,Reserved import slot - not a paper until database metadata is imported,Awaiting Scopus/WoS/IEEE/OpenAlex export,Do not cite/count yet,,,,,,,,,,,,,,,,,,,,,,,,,,,,,,,,,Needs database export proof,Paste/import a real database record here; do not fabricate.
C0283,,Reserved import slot - not a paper until database metadata is imported,Awaiting Scopus/WoS/IEEE/OpenAlex export,Do not cite/count yet,,,,,,,,,,,,,,,,,,,,,,,,,,,,,,,,,Needs database export proof,Paste/import a real database record here; do not fabricate.
C0284,,Reserved import slot - not a paper until database metadata is imported,Awaiting Scopus/WoS/IEEE/OpenAlex export,Do not cite/count yet,,,,,,,,,,,,,,,,,,,,,,,,,,,,,,,,,Needs database export proof,Paste/import a real database record here; do not fabricate.
C0285,,Reserved import slot - not a paper until database metadata is imported,Awaiting Scopus/WoS/IEEE/OpenAlex export,Do not cite/count yet,,,,,,,,,,,,,,,,,,,,,,,,,,,,,,,,,Needs database export proof,Paste/import a real database record here; do not fabricate.
C0286,,Reserved import slot - not a paper until database metadata is imported,Awaiting Scopus/WoS/IEEE/OpenAlex export,Do not cite/count yet,,,,,,,,,,,,,,,,,,,,,,,,,,,,,,,,,Needs database export proof,Paste/import a real database record here; do not fabricate.
C0287,,Reserved import slot - not a paper until database metadata is imported,Awaiting Scopus/WoS/IEEE/OpenAlex export,Do not cite/count yet,,,,,,,,,,,,,,,,,,,,,,,,,,,,,,,,,Needs database export proof,Paste/import a real database record here; do not fabricate.
C0288,,Reserved import slot - not a paper until database metadata is imported,Awaiting Scopus/WoS/IEEE/OpenAlex export,Do not cite/count yet,,,,,,,,,,,,,,,,,,,,,,,,,,,,,,,,,Needs database export proof,Paste/import a real database record here; do not fabricate.
C0289,,Reserved import slot - not a paper until database metadata is imported,Awaiting Scopus/WoS/IEEE/OpenAlex export,Do not cite/count yet,,,,,,,,,,,,,,,,,,,,,,,,,,,,,,,,,Needs database export proof,Paste/import a real database record here; do not fabricate.
C0290,,Reserved import slot - not a paper until database metadata is imported,Awaiting Scopus/WoS/IEEE/OpenAlex export,Do not cite/count yet,,,,,,,,,,,,,,,,,,,,,,,,,,,,,,,,,Needs database export proof,Paste/import a real database record here; do not fabricate.
C0291,,Reserved import slot - not a paper until database metadata is imported,Awaiting Scopus/WoS/IEEE/OpenAlex export,Do not cite/count yet,,,,,,,,,,,,,,,,,,,,,,,,,,,,,,,,,Needs database export proof,Paste/import a real database record here; do not fabricate.
C0292,,Reserved import slot - not a paper until database metadata is imported,Awaiting Scopus/WoS/IEEE/OpenAlex export,Do not cite/count yet,,,,,,,,,,,,,,,,,,,,,,,,,,,,,,,,,Needs database export proof,Paste/import a real database record here; do not fabricate.
C0293,,Reserved import slot - not a paper until database metadata is imported,Awaiting Scopus/WoS/IEEE/OpenAlex export,Do not cite/count yet,,,,,,,,,,,,,,,,,,,,,,,,,,,,,,,,,Needs database export proof,Paste/import a real database record here; do not fabricate.
C0294,,Reserved import slot - not a paper until database metadata is imported,Awaiting Scopus/WoS/IEEE/OpenAlex export,Do not cite/count yet,,,,,,,,,,,,,,,,,,,,,,,,,,,,,,,,,Needs database export proof,Paste/import a real database record here; do not fabricate.
C0295,,Reserved import slot - not a paper until database metadata is imported,Awaiting Scopus/WoS/IEEE/OpenAlex export,Do not cite/count yet,,,,,,,,,,,,,,,,,,,,,,,,,,,,,,,,,Needs database export proof,Paste/import a real database record here; do not fabricate.
C0296,,Reserved import slot - not a paper until database metadata is imported,Awaiting Scopus/WoS/IEEE/OpenAlex export,Do not cite/count yet,,,,,,,,,,,,,,,,,,,,,,,,,,,,,,,,,Needs database export proof,Paste/import a real database record here; do not fabricate.
C0297,,Reserved import slot - not a paper until database metadata is imported,Awaiting Scopus/WoS/IEEE/OpenAlex export,Do not cite/count yet,,,,,,,,,,,,,,,,,,,,,,,,,,,,,,,,,Needs database export proof,Paste/import a real database record here; do not fabricate.
C0298,,Reserved import slot - not a paper until database metadata is imported,Awaiting Scopus/WoS/IEEE/OpenAlex export,Do not cite/count yet,,,,,,,,,,,,,,,,,,,,,,,,,,,,,,,,,Needs database export proof,Paste/import a real database record here; do not fabricate.
C0299,,Reserved import slot - not a paper until database metadata is imported,Awaiting Scopus/WoS/IEEE/OpenAlex export,Do not cite/count yet,,,,,,,,,,,,,,,,,,,,,,,,,,,,,,,,,Needs database export proof,Paste/import a real database record here; do not fabricate.
C0300,,Reserved import slot - not a paper until database metadata is imported,Awaiting Scopus/WoS/IEEE/OpenAlex export,Do not cite/count yet,,,,,,,,,,,,,,,,,,,,,,,,,,,,,,,,,Needs database export proof,Paste/import a real database record here; do not fabricate.
C0301,,Reserved import slot - not a paper until database metadata is imported,Awaiting Scopus/WoS/IEEE/OpenAlex export,Do not cite/count yet,,,,,,,,,,,,,,,,,,,,,,,,,,,,,,,,,Needs database export proof,Paste/import a real database record here; do not fabricate.
C0302,,Reserved import slot - not a paper until database metadata is imported,Awaiting Scopus/WoS/IEEE/OpenAlex export,Do not cite/count yet,,,,,,,,,,,,,,,,,,,,,,,,,,,,,,,,,Needs database export proof,Paste/import a real database record here; do not fabricate.
C0303,,Reserved import slot - not a paper until database metadata is imported,Awaiting Scopus/WoS/IEEE/OpenAlex export,Do not cite/count yet,,,,,,,,,,,,,,,,,,,,,,,,,,,,,,,,,Needs database export proof,Paste/import a real database record here; do not fabricate.
C0304,,Reserved import slot - not a paper until database metadata is imported,Awaiting Scopus/WoS/IEEE/OpenAlex export,Do not cite/count yet,,,,,,,,,,,,,,,,,,,,,,,,,,,,,,,,,Needs database export proof,Paste/import a real database record here; do not fabricate.
C0305,,Reserved import slot - not a paper until database metadata is imported,Awaiting Scopus/WoS/IEEE/OpenAlex export,Do not cite/count yet,,,,,,,,,,,,,,,,,,,,,,,,,,,,,,,,,Needs database export proof,Paste/import a real database record here; do not fabricate.
C0306,,Reserved import slot - not a paper until database metadata is imported,Awaiting Scopus/WoS/IEEE/OpenAlex export,Do not cite/count yet,,,,,,,,,,,,,,,,,,,,,,,,,,,,,,,,,Needs database export proof,Paste/import a real database record here; do not fabricate.
C0307,,Reserved import slot - not a paper until database metadata is imported,Awaiting Scopus/WoS/IEEE/OpenAlex export,Do not cite/count yet,,,,,,,,,,,,,,,,,,,,,,,,,,,,,,,,,Needs database export proof,Paste/import a real database record here; do not fabricate.
C0308,,Reserved import slot - not a paper until database metadata is imported,Awaiting Scopus/WoS/IEEE/OpenAlex export,Do not cite/count yet,,,,,,,,,,,,,,,,,,,,,,,,,,,,,,,,,Needs database export proof,Paste/import a real database record here; do not fabricate.
C0309,,Reserved import slot - not a paper until database metadata is imported,Awaiting Scopus/WoS/IEEE/OpenAlex export,Do not cite/count yet,,,,,,,,,,,,,,,,,,,,,,,,,,,,,,,,,Needs database export proof,Paste/import a real database record here; do not fabricate.
C0310,,Reserved import slot - not a paper until database metadata is imported,Awaiting Scopus/WoS/IEEE/OpenAlex export,Do not cite/count yet,,,,,,,,,,,,,,,,,,,,,,,,,,,,,,,,,Needs database export proof,Paste/import a real database record here; do not fabricate.
C0311,,Reserved import slot - not a paper until database metadata is imported,Awaiting Scopus/WoS/IEEE/OpenAlex export,Do not cite/count yet,,,,,,,,,,,,,,,,,,,,,,,,,,,,,,,,,Needs database export proof,Paste/import a real database record here; do not fabricate.
C0312,,Reserved import slot - not a paper until database metadata is imported,Awaiting Scopus/WoS/IEEE/OpenAlex export,Do not cite/count yet,,,,,,,,,,,,,,,,,,,,,,,,,,,,,,,,,Needs database export proof,Paste/import a real database record here; do not fabricate.
C0313,,Reserved import slot - not a paper until database metadata is imported,Awaiting Scopus/WoS/IEEE/OpenAlex export,Do not cite/count yet,,,,,,,,,,,,,,,,,,,,,,,,,,,,,,,,,Needs database export proof,Paste/import a real database record here; do not fabricate.
C0314,,Reserved import slot - not a paper until database metadata is imported,Awaiting Scopus/WoS/IEEE/OpenAlex export,Do not cite/count yet,,,,,,,,,,,,,,,,,,,,,,,,,,,,,,,,,Needs database export proof,Paste/import a real database record here; do not fabricate.
C0315,,Reserved import slot - not a paper until database metadata is imported,Awaiting Scopus/WoS/IEEE/OpenAlex export,Do not cite/count yet,,,,,,,,,,,,,,,,,,,,,,,,,,,,,,,,,Needs database export proof,Paste/import a real database record here; do not fabricate.
C0316,,Reserved import slot - not a paper until database metadata is imported,Awaiting Scopus/WoS/IEEE/OpenAlex export,Do not cite/count yet,,,,,,,,,,,,,,,,,,,,,,,,,,,,,,,,,Needs database export proof,Paste/import a real database record here; do not fabricate.
C0317,,Reserved import slot - not a paper until database metadata is imported,Awaiting Scopus/WoS/IEEE/OpenAlex export,Do not cite/count yet,,,,,,,,,,,,,,,,,,,,,,,,,,,,,,,,,Needs database export proof,Paste/import a real database record here; do not fabricate.
C0318,,Reserved import slot - not a paper until database metadata is imported,Awaiting Scopus/WoS/IEEE/OpenAlex export,Do not cite/count yet,,,,,,,,,,,,,,,,,,,,,,,,,,,,,,,,,Needs database export proof,Paste/import a real database record here; do not fabricate.
C0319,,Reserved import slot - not a paper until database metadata is imported,Awaiting Scopus/WoS/IEEE/OpenAlex export,Do not cite/count yet,,,,,,,,,,,,,,,,,,,,,,,,,,,,,,,,,Needs database export proof,Paste/import a real database record here; do not fabricate.
C0320,,Reserved import slot - not a paper until database metadata is imported,Awaiting Scopus/WoS/IEEE/OpenAlex export,Do not cite/count yet,,,,,,,,,,,,,,,,,,,,,,,,,,,,,,,,,Needs database export proof,Paste/import a real database record here; do not fabricate.
C0321,,Reserved import slot - not a paper until database metadata is imported,Awaiting Scopus/WoS/IEEE/OpenAlex export,Do not cite/count yet,,,,,,,,,,,,,,,,,,,,,,,,,,,,,,,,,Needs database export proof,Paste/import a real database record here; do not fabricate.
C0322,,Reserved import slot - not a paper until database metadata is imported,Awaiting Scopus/WoS/IEEE/OpenAlex export,Do not cite/count yet,,,,,,,,,,,,,,,,,,,,,,,,,,,,,,,,,Needs database export proof,Paste/import a real database record here; do not fabricate.
C0323,,Reserved import slot - not a paper until database metadata is imported,Awaiting Scopus/WoS/IEEE/OpenAlex export,Do not cite/count yet,,,,,,,,,,,,,,,,,,,,,,,,,,,,,,,,,Needs database export proof,Paste/import a real database record here; do not fabricate.
C0324,,Reserved import slot - not a paper until database metadata is imported,Awaiting Scopus/WoS/IEEE/OpenAlex export,Do not cite/count yet,,,,,,,,,,,,,,,,,,,,,,,,,,,,,,,,,Needs database export proof,Paste/import a real database record here; do not fabricate.
C0325,,Reserved import slot - not a paper until database metadata is imported,Awaiting Scopus/WoS/IEEE/OpenAlex export,Do not cite/count yet,,,,,,,,,,,,,,,,,,,,,,,,,,,,,,,,,Needs database export proof,Paste/import a real database record here; do not fabricate.
C0326,,Reserved import slot - not a paper until database metadata is imported,Awaiting Scopus/WoS/IEEE/OpenAlex export,Do not cite/count yet,,,,,,,,,,,,,,,,,,,,,,,,,,,,,,,,,Needs database export proof,Paste/import a real database record here; do not fabricate.
C0327,,Reserved import slot - not a paper until database metadata is imported,Awaiting Scopus/WoS/IEEE/OpenAlex export,Do not cite/count yet,,,,,,,,,,,,,,,,,,,,,,,,,,,,,,,,,Needs database export proof,Paste/import a real database record here; do not fabricate.
C0328,,Reserved import slot - not a paper until database metadata is imported,Awaiting Scopus/WoS/IEEE/OpenAlex export,Do not cite/count yet,,,,,,,,,,,,,,,,,,,,,,,,,,,,,,,,,Needs database export proof,Paste/import a real database record here; do not fabricate.
C0329,,Reserved import slot - not a paper until database metadata is imported,Awaiting Scopus/WoS/IEEE/OpenAlex export,Do not cite/count yet,,,,,,,,,,,,,,,,,,,,,,,,,,,,,,,,,Needs database export proof,Paste/import a real database record here; do not fabricate.
C0330,,Reserved import slot - not a paper until database metadata is imported,Awaiting Scopus/WoS/IEEE/OpenAlex export,Do not cite/count yet,,,,,,,,,,,,,,,,,,,,,,,,,,,,,,,,,Needs database export proof,Paste/import a real database record here; do not fabricate.
C0331,,Reserved import slot - not a paper until database metadata is imported,Awaiting Scopus/WoS/IEEE/OpenAlex export,Do not cite/count yet,,,,,,,,,,,,,,,,,,,,,,,,,,,,,,,,,Needs database export proof,Paste/import a real database record here; do not fabricate.
C0332,,Reserved import slot - not a paper until database metadata is imported,Awaiting Scopus/WoS/IEEE/OpenAlex export,Do not cite/count yet,,,,,,,,,,,,,,,,,,,,,,,,,,,,,,,,,Needs database export proof,Paste/import a real database record here; do not fabricate.
C0333,,Reserved import slot - not a paper until database metadata is imported,Awaiting Scopus/WoS/IEEE/OpenAlex export,Do not cite/count yet,,,,,,,,,,,,,,,,,,,,,,,,,,,,,,,,,Needs database export proof,Paste/import a real database record here; do not fabricate.
C0334,,Reserved import slot - not a paper until database metadata is imported,Awaiting Scopus/WoS/IEEE/OpenAlex export,Do not cite/count yet,,,,,,,,,,,,,,,,,,,,,,,,,,,,,,,,,Needs database export proof,Paste/import a real database record here; do not fabricate.
C0335,,Reserved import slot - not a paper until database metadata is imported,Awaiting Scopus/WoS/IEEE/OpenAlex export,Do not cite/count yet,,,,,,,,,,,,,,,,,,,,,,,,,,,,,,,,,Needs database export proof,Paste/import a real database record here; do not fabricate.
C0336,,Reserved import slot - not a paper until database metadata is imported,Awaiting Scopus/WoS/IEEE/OpenAlex export,Do not cite/count yet,,,,,,,,,,,,,,,,,,,,,,,,,,,,,,,,,Needs database export proof,Paste/import a real database record here; do not fabricate.
C0337,,Reserved import slot - not a paper until database metadata is imported,Awaiting Scopus/WoS/IEEE/OpenAlex export,Do not cite/count yet,,,,,,,,,,,,,,,,,,,,,,,,,,,,,,,,,Needs database export proof,Paste/import a real database record here; do not fabricate.
C0338,,Reserved import slot - not a paper until database metadata is imported,Awaiting Scopus/WoS/IEEE/OpenAlex export,Do not cite/count yet,,,,,,,,,,,,,,,,,,,,,,,,,,,,,,,,,Needs database export proof,Paste/import a real database record here; do not fabricate.
C0339,,Reserved import slot - not a paper until database metadata is imported,Awaiting Scopus/WoS/IEEE/OpenAlex export,Do not cite/count yet,,,,,,,,,,,,,,,,,,,,,,,,,,,,,,,,,Needs database export proof,Paste/import a real database record here; do not fabricate.
C0340,,Reserved import slot - not a paper until database metadata is imported,Awaiting Scopus/WoS/IEEE/OpenAlex export,Do not cite/count yet,,,,,,,,,,,,,,,,,,,,,,,,,,,,,,,,,Needs database export proof,Paste/import a real database record here; do not fabricate.
C0341,,Reserved import slot - not a paper until database metadata is imported,Awaiting Scopus/WoS/IEEE/OpenAlex export,Do not cite/count yet,,,,,,,,,,,,,,,,,,,,,,,,,,,,,,,,,Needs database export proof,Paste/import a real database record here; do not fabricate.
C0342,,Reserved import slot - not a paper until database metadata is imported,Awaiting Scopus/WoS/IEEE/OpenAlex export,Do not cite/count yet,,,,,,,,,,,,,,,,,,,,,,,,,,,,,,,,,Needs database export proof,Paste/import a real database record here; do not fabricate.
C0343,,Reserved import slot - not a paper until database metadata is imported,Awaiting Scopus/WoS/IEEE/OpenAlex export,Do not cite/count yet,,,,,,,,,,,,,,,,,,,,,,,,,,,,,,,,,Needs database export proof,Paste/import a real database record here; do not fabricate.
C0344,,Reserved import slot - not a paper until database metadata is imported,Awaiting Scopus/WoS/IEEE/OpenAlex export,Do not cite/count yet,,,,,,,,,,,,,,,,,,,,,,,,,,,,,,,,,Needs database export proof,Paste/import a real database record here; do not fabricate.
C0345,,Reserved import slot - not a paper until database metadata is imported,Awaiting Scopus/WoS/IEEE/OpenAlex export,Do not cite/count yet,,,,,,,,,,,,,,,,,,,,,,,,,,,,,,,,,Needs database export proof,Paste/import a real database record here; do not fabricate.
C0346,,Reserved import slot - not a paper until database metadata is imported,Awaiting Scopus/WoS/IEEE/OpenAlex export,Do not cite/count yet,,,,,,,,,,,,,,,,,,,,,,,,,,,,,,,,,Needs database export proof,Paste/import a real database record here; do not fabricate.
C0347,,Reserved import slot - not a paper until database metadata is imported,Awaiting Scopus/WoS/IEEE/OpenAlex export,Do not cite/count yet,,,,,,,,,,,,,,,,,,,,,,,,,,,,,,,,,Needs database export proof,Paste/import a real database record here; do not fabricate.
C0348,,Reserved import slot - not a paper until database metadata is imported,Awaiting Scopus/WoS/IEEE/OpenAlex export,Do not cite/count yet,,,,,,,,,,,,,,,,,,,,,,,,,,,,,,,,,Needs database export proof,Paste/import a real database record here; do not fabricate.
C0349,,Reserved import slot - not a paper until database metadata is imported,Awaiting Scopus/WoS/IEEE/OpenAlex export,Do not cite/count yet,,,,,,,,,,,,,,,,,,,,,,,,,,,,,,,,,Needs database export proof,Paste/import a real database record here; do not fabricate.
C0350,,Reserved import slot - not a paper until database metadata is imported,Awaiting Scopus/WoS/IEEE/OpenAlex export,Do not cite/count yet,,,,,,,,,,,,,,,,,,,,,,,,,,,,,,,,,Needs database export proof,Paste/import a real database record here; do not fabricate.
C0351,,Reserved import slot - not a paper until database metadata is imported,Awaiting Scopus/WoS/IEEE/OpenAlex export,Do not cite/count yet,,,,,,,,,,,,,,,,,,,,,,,,,,,,,,,,,Needs database export proof,Paste/import a real database record here; do not fabricate.
C0352,,Reserved import slot - not a paper until database metadata is imported,Awaiting Scopus/WoS/IEEE/OpenAlex export,Do not cite/count yet,,,,,,,,,,,,,,,,,,,,,,,,,,,,,,,,,Needs database export proof,Paste/import a real database record here; do not fabricate.
C0353,,Reserved import slot - not a paper until database metadata is imported,Awaiting Scopus/WoS/IEEE/OpenAlex export,Do not cite/count yet,,,,,,,,,,,,,,,,,,,,,,,,,,,,,,,,,Needs database export proof,Paste/import a real database record here; do not fabricate.
C0354,,Reserved import slot - not a paper until database metadata is imported,Awaiting Scopus/WoS/IEEE/OpenAlex export,Do not cite/count yet,,,,,,,,,,,,,,,,,,,,,,,,,,,,,,,,,Needs database export proof,Paste/import a real database record here; do not fabricate.
C0355,,Reserved import slot - not a paper until database metadata is imported,Awaiting Scopus/WoS/IEEE/OpenAlex export,Do not cite/count yet,,,,,,,,,,,,,,,,,,,,,,,,,,,,,,,,,Needs database export proof,Paste/import a real database record here; do not fabricate.
C0356,,Reserved import slot - not a paper until database metadata is imported,Awaiting Scopus/WoS/IEEE/OpenAlex export,Do not cite/count yet,,,,,,,,,,,,,,,,,,,,,,,,,,,,,,,,,Needs database export proof,Paste/import a real database record here; do not fabricate.
C0357,,Reserved import slot - not a paper until database metadata is imported,Awaiting Scopus/WoS/IEEE/OpenAlex export,Do not cite/count yet,,,,,,,,,,,,,,,,,,,,,,,,,,,,,,,,,Needs database export proof,Paste/import a real database record here; do not fabricate.
C0358,,Reserved import slot - not a paper until database metadata is imported,Awaiting Scopus/WoS/IEEE/OpenAlex export,Do not cite/count yet,,,,,,,,,,,,,,,,,,,,,,,,,,,,,,,,,Needs database export proof,Paste/import a real database record here; do not fabricate.
C0359,,Reserved import slot - not a paper until database metadata is imported,Awaiting Scopus/WoS/IEEE/OpenAlex export,Do not cite/count yet,,,,,,,,,,,,,,,,,,,,,,,,,,,,,,,,,Needs database export proof,Paste/import a real database record here; do not fabricate.
C0360,,Reserved import slot - not a paper until database metadata is imported,Awaiting Scopus/WoS/IEEE/OpenAlex export,Do not cite/count yet,,,,,,,,,,,,,,,,,,,,,,,,,,,,,,,,,Needs database export proof,Paste/import a real database record here; do not fabricate.
C0361,,Reserved import slot - not a paper until database metadata is imported,Awaiting Scopus/WoS/IEEE/OpenAlex export,Do not cite/count yet,,,,,,,,,,,,,,,,,,,,,,,,,,,,,,,,,Needs database export proof,Paste/import a real database record here; do not fabricate.
C0362,,Reserved import slot - not a paper until database metadata is imported,Awaiting Scopus/WoS/IEEE/OpenAlex export,Do not cite/count yet,,,,,,,,,,,,,,,,,,,,,,,,,,,,,,,,,Needs database export proof,Paste/import a real database record here; do not fabricate.
C0363,,Reserved import slot - not a paper until database metadata is imported,Awaiting Scopus/WoS/IEEE/OpenAlex export,Do not cite/count yet,,,,,,,,,,,,,,,,,,,,,,,,,,,,,,,,,Needs database export proof,Paste/import a real database record here; do not fabricate.
C0364,,Reserved import slot - not a paper until database metadata is imported,Awaiting Scopus/WoS/IEEE/OpenAlex export,Do not cite/count yet,,,,,,,,,,,,,,,,,,,,,,,,,,,,,,,,,Needs database export proof,Paste/import a real database record here; do not fabricate.
C0365,,Reserved import slot - not a paper until database metadata is imported,Awaiting Scopus/WoS/IEEE/OpenAlex export,Do not cite/count yet,,,,,,,,,,,,,,,,,,,,,,,,,,,,,,,,,Needs database export proof,Paste/import a real database record here; do not fabricate.
C0366,,Reserved import slot - not a paper until database metadata is imported,Awaiting Scopus/WoS/IEEE/OpenAlex export,Do not cite/count yet,,,,,,,,,,,,,,,,,,,,,,,,,,,,,,,,,Needs database export proof,Paste/import a real database record here; do not fabricate.
C0367,,Reserved import slot - not a paper until database metadata is imported,Awaiting Scopus/WoS/IEEE/OpenAlex export,Do not cite/count yet,,,,,,,,,,,,,,,,,,,,,,,,,,,,,,,,,Needs database export proof,Paste/import a real database record here; do not fabricate.
C0368,,Reserved import slot - not a paper until database metadata is imported,Awaiting Scopus/WoS/IEEE/OpenAlex export,Do not cite/count yet,,,,,,,,,,,,,,,,,,,,,,,,,,,,,,,,,Needs database export proof,Paste/import a real database record here; do not fabricate.
C0369,,Reserved import slot - not a paper until database metadata is imported,Awaiting Scopus/WoS/IEEE/OpenAlex export,Do not cite/count yet,,,,,,,,,,,,,,,,,,,,,,,,,,,,,,,,,Needs database export proof,Paste/import a real database record here; do not fabricate.
C0370,,Reserved import slot - not a paper until database metadata is imported,Awaiting Scopus/WoS/IEEE/OpenAlex export,Do not cite/count yet,,,,,,,,,,,,,,,,,,,,,,,,,,,,,,,,,Needs database export proof,Paste/import a real database record here; do not fabricate.
C0371,,Reserved import slot - not a paper until database metadata is imported,Awaiting Scopus/WoS/IEEE/OpenAlex export,Do not cite/count yet,,,,,,,,,,,,,,,,,,,,,,,,,,,,,,,,,Needs database export proof,Paste/import a real database record here; do not fabricate.
C0372,,Reserved import slot - not a paper until database metadata is imported,Awaiting Scopus/WoS/IEEE/OpenAlex export,Do not cite/count yet,,,,,,,,,,,,,,,,,,,,,,,,,,,,,,,,,Needs database export proof,Paste/import a real database record here; do not fabricate.
C0373,,Reserved import slot - not a paper until database metadata is imported,Awaiting Scopus/WoS/IEEE/OpenAlex export,Do not cite/count yet,,,,,,,,,,,,,,,,,,,,,,,,,,,,,,,,,Needs database export proof,Paste/import a real database record here; do not fabricate.
C0374,,Reserved import slot - not a paper until database metadata is imported,Awaiting Scopus/WoS/IEEE/OpenAlex export,Do not cite/count yet,,,,,,,,,,,,,,,,,,,,,,,,,,,,,,,,,Needs database export proof,Paste/import a real database record here; do not fabricate.
C0375,,Reserved import slot - not a paper until database metadata is imported,Awaiting Scopus/WoS/IEEE/OpenAlex export,Do not cite/count yet,,,,,,,,,,,,,,,,,,,,,,,,,,,,,,,,,Needs database export proof,Paste/import a real database record here; do not fabricate.
C0376,,Reserved import slot - not a paper until database metadata is imported,Awaiting Scopus/WoS/IEEE/OpenAlex export,Do not cite/count yet,,,,,,,,,,,,,,,,,,,,,,,,,,,,,,,,,Needs database export proof,Paste/import a real database record here; do not fabricate.
C0377,,Reserved import slot - not a paper until database metadata is imported,Awaiting Scopus/WoS/IEEE/OpenAlex export,Do not cite/count yet,,,,,,,,,,,,,,,,,,,,,,,,,,,,,,,,,Needs database export proof,Paste/import a real database record here; do not fabricate.
C0378,,Reserved import slot - not a paper until database metadata is imported,Awaiting Scopus/WoS/IEEE/OpenAlex export,Do not cite/count yet,,,,,,,,,,,,,,,,,,,,,,,,,,,,,,,,,Needs database export proof,Paste/import a real database record here; do not fabricate.
C0379,,Reserved import slot - not a paper until database metadata is imported,Awaiting Scopus/WoS/IEEE/OpenAlex export,Do not cite/count yet,,,,,,,,,,,,,,,,,,,,,,,,,,,,,,,,,Needs database export proof,Paste/import a real database record here; do not fabricate.
C0380,,Reserved import slot - not a paper until database metadata is imported,Awaiting Scopus/WoS/IEEE/OpenAlex export,Do not cite/count yet,,,,,,,,,,,,,,,,,,,,,,,,,,,,,,,,,Needs database export proof,Paste/import a real database record here; do not fabricate.
C0381,,Reserved import slot - not a paper until database metadata is imported,Awaiting Scopus/WoS/IEEE/OpenAlex export,Do not cite/count yet,,,,,,,,,,,,,,,,,,,,,,,,,,,,,,,,,Needs database export proof,Paste/import a real database record here; do not fabricate.
C0382,,Reserved import slot - not a paper until database metadata is imported,Awaiting Scopus/WoS/IEEE/OpenAlex export,Do not cite/count yet,,,,,,,,,,,,,,,,,,,,,,,,,,,,,,,,,Needs database export proof,Paste/import a real database record here; do not fabricate.
C0383,,Reserved import slot - not a paper until database metadata is imported,Awaiting Scopus/WoS/IEEE/OpenAlex export,Do not cite/count yet,,,,,,,,,,,,,,,,,,,,,,,,,,,,,,,,,Needs database export proof,Paste/import a real database record here; do not fabricate.
C0384,,Reserved import slot - not a paper until database metadata is imported,Awaiting Scopus/WoS/IEEE/OpenAlex export,Do not cite/count yet,,,,,,,,,,,,,,,,,,,,,,,,,,,,,,,,,Needs database export proof,Paste/import a real database record here; do not fabricate.
C0385,,Reserved import slot - not a paper until database metadata is imported,Awaiting Scopus/WoS/IEEE/OpenAlex export,Do not cite/count yet,,,,,,,,,,,,,,,,,,,,,,,,,,,,,,,,,Needs database export proof,Paste/import a real database record here; do not fabricate.
C0386,,Reserved import slot - not a paper until database metadata is imported,Awaiting Scopus/WoS/IEEE/OpenAlex export,Do not cite/count yet,,,,,,,,,,,,,,,,,,,,,,,,,,,,,,,,,Needs database export proof,Paste/import a real database record here; do not fabricate.
C0387,,Reserved import slot - not a paper until database metadata is imported,Awaiting Scopus/WoS/IEEE/OpenAlex export,Do not cite/count yet,,,,,,,,,,,,,,,,,,,,,,,,,,,,,,,,,Needs database export proof,Paste/import a real database record here; do not fabricate.
C0388,,Reserved import slot - not a paper until database metadata is imported,Awaiting Scopus/WoS/IEEE/OpenAlex export,Do not cite/count yet,,,,,,,,,,,,,,,,,,,,,,,,,,,,,,,,,Needs database export proof,Paste/import a real database record here; do not fabricate.
C0389,,Reserved import slot - not a paper until database metadata is imported,Awaiting Scopus/WoS/IEEE/OpenAlex export,Do not cite/count yet,,,,,,,,,,,,,,,,,,,,,,,,,,,,,,,,,Needs database export proof,Paste/import a real database record here; do not fabricate.
C0390,,Reserved import slot - not a paper until database metadata is imported,Awaiting Scopus/WoS/IEEE/OpenAlex export,Do not cite/count yet,,,,,,,,,,,,,,,,,,,,,,,,,,,,,,,,,Needs database export proof,Paste/import a real database record here; do not fabricate.
C0391,,Reserved import slot - not a paper until database metadata is imported,Awaiting Scopus/WoS/IEEE/OpenAlex export,Do not cite/count yet,,,,,,,,,,,,,,,,,,,,,,,,,,,,,,,,,Needs database export proof,Paste/import a real database record here; do not fabricate.
C0392,,Reserved import slot - not a paper until database metadata is imported,Awaiting Scopus/WoS/IEEE/OpenAlex export,Do not cite/count yet,,,,,,,,,,,,,,,,,,,,,,,,,,,,,,,,,Needs database export proof,Paste/import a real database record here; do not fabricate.
C0393,,Reserved import slot - not a paper until database metadata is imported,Awaiting Scopus/WoS/IEEE/OpenAlex export,Do not cite/count yet,,,,,,,,,,,,,,,,,,,,,,,,,,,,,,,,,Needs database export proof,Paste/import a real database record here; do not fabricate.
C0394,,Reserved import slot - not a paper until database metadata is imported,Awaiting Scopus/WoS/IEEE/OpenAlex export,Do not cite/count yet,,,,,,,,,,,,,,,,,,,,,,,,,,,,,,,,,Needs database export proof,Paste/import a real database record here; do not fabricate.
C0395,,Reserved import slot - not a paper until database metadata is imported,Awaiting Scopus/WoS/IEEE/OpenAlex export,Do not cite/count yet,,,,,,,,,,,,,,,,,,,,,,,,,,,,,,,,,Needs database export proof,Paste/import a real database record here; do not fabricate.
C0396,,Reserved import slot - not a paper until database metadata is imported,Awaiting Scopus/WoS/IEEE/OpenAlex export,Do not cite/count yet,,,,,,,,,,,,,,,,,,,,,,,,,,,,,,,,,Needs database export proof,Paste/import a real database record here; do not fabricate.
C0397,,Reserved import slot - not a paper until database metadata is imported,Awaiting Scopus/WoS/IEEE/OpenAlex export,Do not cite/count yet,,,,,,,,,,,,,,,,,,,,,,,,,,,,,,,,,Needs database export proof,Paste/import a real database record here; do not fabricate.
C0398,,Reserved import slot - not a paper until database metadata is imported,Awaiting Scopus/WoS/IEEE/OpenAlex export,Do not cite/count yet,,,,,,,,,,,,,,,,,,,,,,,,,,,,,,,,,Needs database export proof,Paste/import a real database record here; do not fabricate.
C0399,,Reserved import slot - not a paper until database metadata is imported,Awaiting Scopus/WoS/IEEE/OpenAlex export,Do not cite/count yet,,,,,,,,,,,,,,,,,,,,,,,,,,,,,,,,,Needs database export proof,Paste/import a real database record here; do not fabricate.
C0400,,Reserved import slot - not a paper until database metadata is imported,Awaiting Scopus/WoS/IEEE/OpenAlex export,Do not cite/count yet,,,,,,,,,,,,,,,,,,,,,,,,,,,,,,,,,Needs database export proof,Paste/import a real database record here; do not fabricate.
C0401,,Reserved import slot - not a paper until database metadata is imported,Awaiting Scopus/WoS/IEEE/OpenAlex export,Do not cite/count yet,,,,,,,,,,,,,,,,,,,,,,,,,,,,,,,,,Needs database export proof,Paste/import a real database record here; do not fabricate.
C0402,,Reserved import slot - not a paper until database metadata is imported,Awaiting Scopus/WoS/IEEE/OpenAlex export,Do not cite/count yet,,,,,,,,,,,,,,,,,,,,,,,,,,,,,,,,,Needs database export proof,Paste/import a real database record here; do not fabricate.
C0403,,Reserved import slot - not a paper until database metadata is imported,Awaiting Scopus/WoS/IEEE/OpenAlex export,Do not cite/count yet,,,,,,,,,,,,,,,,,,,,,,,,,,,,,,,,,Needs database export proof,Paste/import a real database record here; do not fabricate.
C0404,,Reserved import slot - not a paper until database metadata is imported,Awaiting Scopus/WoS/IEEE/OpenAlex export,Do not cite/count yet,,,,,,,,,,,,,,,,,,,,,,,,,,,,,,,,,Needs database export proof,Paste/import a real database record here; do not fabricate.
C0405,,Reserved import slot - not a paper until database metadata is imported,Awaiting Scopus/WoS/IEEE/OpenAlex export,Do not cite/count yet,,,,,,,,,,,,,,,,,,,,,,,,,,,,,,,,,Needs database export proof,Paste/import a real database record here; do not fabricate.
C0406,,Reserved import slot - not a paper until database metadata is imported,Awaiting Scopus/WoS/IEEE/OpenAlex export,Do not cite/count yet,,,,,,,,,,,,,,,,,,,,,,,,,,,,,,,,,Needs database export proof,Paste/import a real database record here; do not fabricate.
C0407,,Reserved import slot - not a paper until database metadata is imported,Awaiting Scopus/WoS/IEEE/OpenAlex export,Do not cite/count yet,,,,,,,,,,,,,,,,,,,,,,,,,,,,,,,,,Needs database export proof,Paste/import a real database record here; do not fabricate.
C0408,,Reserved import slot - not a paper until database metadata is imported,Awaiting Scopus/WoS/IEEE/OpenAlex export,Do not cite/count yet,,,,,,,,,,,,,,,,,,,,,,,,,,,,,,,,,Needs database export proof,Paste/import a real database record here; do not fabricate.
C0409,,Reserved import slot - not a paper until database metadata is imported,Awaiting Scopus/WoS/IEEE/OpenAlex export,Do not cite/count yet,,,,,,,,,,,,,,,,,,,,,,,,,,,,,,,,,Needs database export proof,Paste/import a real database record here; do not fabricate.
C0410,,Reserved import slot - not a paper until database metadata is imported,Awaiting Scopus/WoS/IEEE/OpenAlex export,Do not cite/count yet,,,,,,,,,,,,,,,,,,,,,,,,,,,,,,,,,Needs database export proof,Paste/import a real database record here; do not fabricate.
C0411,,Reserved import slot - not a paper until database metadata is imported,Awaiting Scopus/WoS/IEEE/OpenAlex export,Do not cite/count yet,,,,,,,,,,,,,,,,,,,,,,,,,,,,,,,,,Needs database export proof,Paste/import a real database record here; do not fabricate.
C0412,,Reserved import slot - not a paper until database metadata is imported,Awaiting Scopus/WoS/IEEE/OpenAlex export,Do not cite/count yet,,,,,,,,,,,,,,,,,,,,,,,,,,,,,,,,,Needs database export proof,Paste/import a real database record here; do not fabricate.
C0413,,Reserved import slot - not a paper until database metadata is imported,Awaiting Scopus/WoS/IEEE/OpenAlex export,Do not cite/count yet,,,,,,,,,,,,,,,,,,,,,,,,,,,,,,,,,Needs database export proof,Paste/import a real database record here; do not fabricate.
C0414,,Reserved import slot - not a paper until database metadata is imported,Awaiting Scopus/WoS/IEEE/OpenAlex export,Do not cite/count yet,,,,,,,,,,,,,,,,,,,,,,,,,,,,,,,,,Needs database export proof,Paste/import a real database record here; do not fabricate.
C0415,,Reserved import slot - not a paper until database metadata is imported,Awaiting Scopus/WoS/IEEE/OpenAlex export,Do not cite/count yet,,,,,,,,,,,,,,,,,,,,,,,,,,,,,,,,,Needs database export proof,Paste/import a real database record here; do not fabricate.
C0416,,Reserved import slot - not a paper until database metadata is imported,Awaiting Scopus/WoS/IEEE/OpenAlex export,Do not cite/count yet,,,,,,,,,,,,,,,,,,,,,,,,,,,,,,,,,Needs database export proof,Paste/import a real database record here; do not fabricate.
C0417,,Reserved import slot - not a paper until database metadata is imported,Awaiting Scopus/WoS/IEEE/OpenAlex export,Do not cite/count yet,,,,,,,,,,,,,,,,,,,,,,,,,,,,,,,,,Needs database export proof,Paste/import a real database record here; do not fabricate.
C0418,,Reserved import slot - not a paper until database metadata is imported,Awaiting Scopus/WoS/IEEE/OpenAlex export,Do not cite/count yet,,,,,,,,,,,,,,,,,,,,,,,,,,,,,,,,,Needs database export proof,Paste/import a real database record here; do not fabricate.
C0419,,Reserved import slot - not a paper until database metadata is imported,Awaiting Scopus/WoS/IEEE/OpenAlex export,Do not cite/count yet,,,,,,,,,,,,,,,,,,,,,,,,,,,,,,,,,Needs database export proof,Paste/import a real database record here; do not fabricate.
C0420,,Reserved import slot - not a paper until database metadata is imported,Awaiting Scopus/WoS/IEEE/OpenAlex export,Do not cite/count yet,,,,,,,,,,,,,,,,,,,,,,,,,,,,,,,,,Needs database export proof,Paste/import a real database record here; do not fabricate.
C0421,,Reserved import slot - not a paper until database metadata is imported,Awaiting Scopus/WoS/IEEE/OpenAlex export,Do not cite/count yet,,,,,,,,,,,,,,,,,,,,,,,,,,,,,,,,,Needs database export proof,Paste/import a real database record here; do not fabricate.
C0422,,Reserved import slot - not a paper until database metadata is imported,Awaiting Scopus/WoS/IEEE/OpenAlex export,Do not cite/count yet,,,,,,,,,,,,,,,,,,,,,,,,,,,,,,,,,Needs database export proof,Paste/import a real database record here; do not fabricate.
C0423,,Reserved import slot - not a paper until database metadata is imported,Awaiting Scopus/WoS/IEEE/OpenAlex export,Do not cite/count yet,,,,,,,,,,,,,,,,,,,,,,,,,,,,,,,,,Needs database export proof,Paste/import a real database record here; do not fabricate.
C0424,,Reserved import slot - not a paper until database metadata is imported,Awaiting Scopus/WoS/IEEE/OpenAlex export,Do not cite/count yet,,,,,,,,,,,,,,,,,,,,,,,,,,,,,,,,,Needs database export proof,Paste/import a real database record here; do not fabricate.
C0425,,Reserved import slot - not a paper until database metadata is imported,Awaiting Scopus/WoS/IEEE/OpenAlex export,Do not cite/count yet,,,,,,,,,,,,,,,,,,,,,,,,,,,,,,,,,Needs database export proof,Paste/import a real database record here; do not fabricate.
C0426,,Reserved import slot - not a paper until database metadata is imported,Awaiting Scopus/WoS/IEEE/OpenAlex export,Do not cite/count yet,,,,,,,,,,,,,,,,,,,,,,,,,,,,,,,,,Needs database export proof,Paste/import a real database record here; do not fabricate.
C0427,,Reserved import slot - not a paper until database metadata is imported,Awaiting Scopus/WoS/IEEE/OpenAlex export,Do not cite/count yet,,,,,,,,,,,,,,,,,,,,,,,,,,,,,,,,,Needs database export proof,Paste/import a real database record here; do not fabricate.
C0428,,Reserved import slot - not a paper until database metadata is imported,Awaiting Scopus/WoS/IEEE/OpenAlex export,Do not cite/count yet,,,,,,,,,,,,,,,,,,,,,,,,,,,,,,,,,Needs database export proof,Paste/import a real database record here; do not fabricate.
C0429,,Reserved import slot - not a paper until database metadata is imported,Awaiting Scopus/WoS/IEEE/OpenAlex export,Do not cite/count yet,,,,,,,,,,,,,,,,,,,,,,,,,,,,,,,,,Needs database export proof,Paste/import a real database record here; do not fabricate.
C0430,,Reserved import slot - not a paper until database metadata is imported,Awaiting Scopus/WoS/IEEE/OpenAlex export,Do not cite/count yet,,,,,,,,,,,,,,,,,,,,,,,,,,,,,,,,,Needs database export proof,Paste/import a real database record here; do not fabricate.
C0431,,Reserved import slot - not a paper until database metadata is imported,Awaiting Scopus/WoS/IEEE/OpenAlex export,Do not cite/count yet,,,,,,,,,,,,,,,,,,,,,,,,,,,,,,,,,Needs database export proof,Paste/import a real database record here; do not fabricate.
C0432,,Reserved import slot - not a paper until database metadata is imported,Awaiting Scopus/WoS/IEEE/OpenAlex export,Do not cite/count yet,,,,,,,,,,,,,,,,,,,,,,,,,,,,,,,,,Needs database export proof,Paste/import a real database record here; do not fabricate.
C0433,,Reserved import slot - not a paper until database metadata is imported,Awaiting Scopus/WoS/IEEE/OpenAlex export,Do not cite/count yet,,,,,,,,,,,,,,,,,,,,,,,,,,,,,,,,,Needs database export proof,Paste/import a real database record here; do not fabricate.
C0434,,Reserved import slot - not a paper until database metadata is imported,Awaiting Scopus/WoS/IEEE/OpenAlex export,Do not cite/count yet,,,,,,,,,,,,,,,,,,,,,,,,,,,,,,,,,Needs database export proof,Paste/import a real database record here; do not fabricate.
C0435,,Reserved import slot - not a paper until database metadata is imported,Awaiting Scopus/WoS/IEEE/OpenAlex export,Do not cite/count yet,,,,,,,,,,,,,,,,,,,,,,,,,,,,,,,,,Needs database export proof,Paste/import a real database record here; do not fabricate.
C0436,,Reserved import slot - not a paper until database metadata is imported,Awaiting Scopus/WoS/IEEE/OpenAlex export,Do not cite/count yet,,,,,,,,,,,,,,,,,,,,,,,,,,,,,,,,,Needs database export proof,Paste/import a real database record here; do not fabricate.
C0437,,Reserved import slot - not a paper until database metadata is imported,Awaiting Scopus/WoS/IEEE/OpenAlex export,Do not cite/count yet,,,,,,,,,,,,,,,,,,,,,,,,,,,,,,,,,Needs database export proof,Paste/import a real database record here; do not fabricate.
C0438,,Reserved import slot - not a paper until database metadata is imported,Awaiting Scopus/WoS/IEEE/OpenAlex export,Do not cite/count yet,,,,,,,,,,,,,,,,,,,,,,,,,,,,,,,,,Needs database export proof,Paste/import a real database record here; do not fabricate.
C0439,,Reserved import slot - not a paper until database metadata is imported,Awaiting Scopus/WoS/IEEE/OpenAlex export,Do not cite/count yet,,,,,,,,,,,,,,,,,,,,,,,,,,,,,,,,,Needs database export proof,Paste/import a real database record here; do not fabricate.
C0440,,Reserved import slot - not a paper until database metadata is imported,Awaiting Scopus/WoS/IEEE/OpenAlex export,Do not cite/count yet,,,,,,,,,,,,,,,,,,,,,,,,,,,,,,,,,Needs database export proof,Paste/import a real database record here; do not fabricate.
C0441,,Reserved import slot - not a paper until database metadata is imported,Awaiting Scopus/WoS/IEEE/OpenAlex export,Do not cite/count yet,,,,,,,,,,,,,,,,,,,,,,,,,,,,,,,,,Needs database export proof,Paste/import a real database record here; do not fabricate.
C0442,,Reserved import slot - not a paper until database metadata is imported,Awaiting Scopus/WoS/IEEE/OpenAlex export,Do not cite/count yet,,,,,,,,,,,,,,,,,,,,,,,,,,,,,,,,,Needs database export proof,Paste/import a real database record here; do not fabricate.
C0443,,Reserved import slot - not a paper until database metadata is imported,Awaiting Scopus/WoS/IEEE/OpenAlex export,Do not cite/count yet,,,,,,,,,,,,,,,,,,,,,,,,,,,,,,,,,Needs database export proof,Paste/import a real database record here; do not fabricate.
C0444,,Reserved import slot - not a paper until database metadata is imported,Awaiting Scopus/WoS/IEEE/OpenAlex export,Do not cite/count yet,,,,,,,,,,,,,,,,,,,,,,,,,,,,,,,,,Needs database export proof,Paste/import a real database record here; do not fabricate.
C0445,,Reserved import slot - not a paper until database metadata is imported,Awaiting Scopus/WoS/IEEE/OpenAlex export,Do not cite/count yet,,,,,,,,,,,,,,,,,,,,,,,,,,,,,,,,,Needs database export proof,Paste/import a real database record here; do not fabricate.
C0446,,Reserved import slot - not a paper until database metadata is imported,Awaiting Scopus/WoS/IEEE/OpenAlex export,Do not cite/count yet,,,,,,,,,,,,,,,,,,,,,,,,,,,,,,,,,Needs database export proof,Paste/import a real database record here; do not fabricate.
C0447,,Reserved import slot - not a paper until database metadata is imported,Awaiting Scopus/WoS/IEEE/OpenAlex export,Do not cite/count yet,,,,,,,,,,,,,,,,,,,,,,,,,,,,,,,,,Needs database export proof,Paste/import a real database record here; do not fabricate.
C0448,,Reserved import slot - not a paper until database metadata is imported,Awaiting Scopus/WoS/IEEE/OpenAlex export,Do not cite/count yet,,,,,,,,,,,,,,,,,,,,,,,,,,,,,,,,,Needs database export proof,Paste/import a real database record here; do not fabricate.
C0449,,Reserved import slot - not a paper until database metadata is imported,Awaiting Scopus/WoS/IEEE/OpenAlex export,Do not cite/count yet,,,,,,,,,,,,,,,,,,,,,,,,,,,,,,,,,Needs database export proof,Paste/import a real database record here; do not fabricate.
C0450,,Reserved import slot - not a paper until database metadata is imported,Awaiting Scopus/WoS/IEEE/OpenAlex export,Do not cite/count yet,,,,,,,,,,,,,,,,,,,,,,,,,,,,,,,,,Needs database export proof,Paste/import a real database record here; do not fabricate.
